fold,contamination,threshold,precision,recall,f1,predicted_positives
1,0.001,-0.09354095682116773,0.0,0.0,0.0,1
1,0.002,-0.08810334228341872,0.0,0.0,0.0,1
1,0.003,-0.0826657277456697,0.0,0.0,0.0,1
1,0.004,-0.0772281132079207,0.0,0.0,0.0,1
1,0.005,-0.07179049867017168,0.0,0.0,0.0,1
1,0.006,-0.06818127332081053,0.0,0.0,0.0,2
1,0.007,-0.06716638398199973,0.0,0.0,0.0,2
1,0.008,-0.06615149464318892,0.0,0.0,0.0,2
1,0.009000000000000001,-0.0651366053043781,0.0,0.0,0.0,2
1,0.010000000000000002,-0.0641217159655673,0.0,0.0,0.0,2
1,0.011,-0.0631068266267565,0.0,0.0,0.0,2
1,0.012,-0.061837702191497805,0.3333333333333333,0.08333333333333333,0.13333333333333333,3
1,0.013000000000000001,-0.0605153258103615,0.3333333333333333,0.08333333333333333,0.13333333333333333,3
1,0.014000000000000002,-0.059192949429225206,0.3333333333333333,0.08333333333333333,0.13333333333333333,3
1,0.015,-0.05787057304808891,0.3333333333333333,0.08333333333333333,0.13333333333333333,3
1,0.016,-0.056548196666952606,0.3333333333333333,0.08333333333333333,0.13333333333333333,3
1,0.017,-0.055055449621271214,0.5,0.16666666666666666,0.25,4
1,0.018000000000000002,-0.05302385582261001,0.5,0.16666666666666666,0.25,4
1,0.019000000000000003,-0.050992262023948805,0.5,0.16666666666666666,0.25,4
1,0.02,-0.04896066822528761,0.5,0.16666666666666666,0.25,4
1,0.021,-0.046929074426626395,0.5,0.16666666666666666,0.25,4
1,0.022000000000000002,-0.04489748062796519,0.5,0.16666666666666666,0.25,4
1,0.023,-0.04390804581131092,0.4,0.16666666666666666,0.23529411764705882,5
1,0.024,-0.043470866181703045,0.4,0.16666666666666666,0.23529411764705882,5
1,0.025,-0.04303368655209518,0.4,0.16666666666666666,0.23529411764705882,5
1,0.026000000000000002,-0.0425965069224873,0.4,0.16666666666666666,0.23529411764705882,5
1,0.027000000000000003,-0.04215932729287943,0.4,0.16666666666666666,0.23529411764705882,5
1,0.028,-0.04174208564514376,0.3333333333333333,0.16666666666666666,0.2222222222222222,6
1,0.029,-0.04160231424512951,0.3333333333333333,0.16666666666666666,0.2222222222222222,6
1,0.030000000000000002,-0.041462542845115254,0.3333333333333333,0.16666666666666666,0.2222222222222222,6
1,0.031,-0.041322771445101006,0.3333333333333333,0.16666666666666666,0.2222222222222222,6
1,0.032,-0.04118300004508675,0.3333333333333333,0.16666666666666666,0.2222222222222222,6
1,0.033,-0.0410432286450725,0.3333333333333333,0.16666666666666666,0.2222222222222222,6
1,0.034,-0.0398649146618257,0.2857142857142857,0.16666666666666666,0.21052631578947367,7
1,0.035,-0.037563525559501855,0.2857142857142857,0.16666666666666666,0.21052631578947367,7
1,0.036000000000000004,-0.035262136457178,0.2857142857142857,0.16666666666666666,0.21052631578947367,7
1,0.037000000000000005,-0.03296074735485415,0.2857142857142857,0.16666666666666666,0.21052631578947367,7
1,0.038,-0.030659358252530324,0.2857142857142857,0.16666666666666666,0.21052631578947367,7
1,0.039,-0.028357969150206476,0.2857142857142857,0.16666666666666666,0.21052631578947367,7
1,0.04,-0.02055443644477927,0.375,0.25,0.3,8
1,0.041,-0.012097524186483497,0.375,0.25,0.3,8
1,0.042,-0.00364061192818781,0.375,0.25,0.3,8
1,0.043000000000000003,0.004816300330107963,0.375,0.25,0.3,8
1,0.044000000000000004,0.013273212588403652,0.375,0.25,0.3,8
1,0.045,0.0192776108269343,0.3333333333333333,0.25,0.2857142857142857,9
1,0.046,0.019752704729994797,0.3333333333333333,0.25,0.2857142857142857,9
1,0.047,0.020227798633055294,0.3333333333333333,0.25,0.2857142857142857,9
1,0.048,0.02070289253611579,0.3333333333333333,0.25,0.2857142857142857,9
1,0.049,0.021177986439176292,0.3333333333333333,0.25,0.2857142857142857,9
1,0.05,0.02165308034223679,0.3333333333333333,0.25,0.2857142857142857,9
1,0.051000000000000004,0.02199913410116632,0.3,0.25,0.2727272727272727,10
1,0.052000000000000005,0.022295172300355163,0.3,0.25,0.2727272727272727,10
1,0.053000000000000005,0.022591210499544007,0.3,0.25,0.2727272727272727,10
1,0.054,0.022887248698732852,0.3,0.25,0.2727272727272727,10
1,0.055,0.0231832868979217,0.3,0.25,0.2727272727272727,10
1,0.056,0.023620252095533634,0.2727272727272727,0.25,0.2608695652173913,11
1,0.057,0.02496737082462797,0.2727272727272727,0.25,0.2608695652173913,11
1,0.058,0.026314489553722308,0.2727272727272727,0.25,0.2608695652173913,11
1,0.059000000000000004,0.02766160828281663,0.2727272727272727,0.25,0.2608695652173913,11
1,0.060000000000000005,0.029008727011910977,0.2727272727272727,0.25,0.2608695652173913,11
1,0.061,0.0303558457410053,0.2727272727272727,0.25,0.2608695652173913,11
1,0.062,0.030994030014665806,0.25,0.25,0.25,12
1,0.063,0.031046258258835082,0.25,0.25,0.25,12
1,0.064,0.031098486503004362,0.25,0.25,0.25,12
1,0.065,0.031150714747173642,0.25,0.25,0.25,12
1,0.066,0.031202942991342922,0.25,0.25,0.25,12
1,0.067,0.0312551712355122,0.25,0.25,0.25,12
1,0.068,0.03235337340374561,0.23076923076923078,0.25,0.24,13
1,0.069,0.03349414427819093,0.23076923076923078,0.25,0.24,13
1,0.07,0.034634915152636246,0.23076923076923078,0.25,0.24,13
1,0.07100000000000001,0.03577568602708157,0.23076923076923078,0.25,0.24,13
1,0.07200000000000001,0.03691645690152689,0.23076923076923078,0.25,0.24,13
1,0.07300000000000001,0.03799951883000129,0.21428571428571427,0.25,0.23076923076923078,14
1,0.074,0.03898611207267355,0.21428571428571427,0.25,0.23076923076923078,14
1,0.075,0.03997270531534584,0.21428571428571427,0.25,0.23076923076923078,14
1,0.076,0.040959298558018116,0.21428571428571427,0.25,0.23076923076923078,14
1,0.077,0.041945891800690395,0.21428571428571427,0.25,0.23076923076923078,14
1,0.078,0.04293248504336268,0.21428571428571427,0.25,0.23076923076923078,14
1,0.079,0.043324559549726915,0.2,0.25,0.2222222222222222,15
1,0.08,0.04355640914843366,0.2,0.25,0.2222222222222222,15
1,0.081,0.04378825874714041,0.2,0.25,0.2222222222222222,15
1,0.082,0.04402010834584716,0.2,0.25,0.2222222222222222,15
1,0.083,0.0442519579445539,0.2,0.25,0.2222222222222222,15
1,0.084,0.04455737984456168,0.1875,0.25,0.21428571428571427,16
1,0.085,0.0451550472747374,0.1875,0.25,0.21428571428571427,16
1,0.08600000000000001,0.04575271470491314,0.1875,0.25,0.21428571428571427,16
1,0.08700000000000001,0.04635038213508886,0.1875,0.25,0.21428571428571427,16
1,0.08800000000000001,0.04694804956526459,0.1875,0.25,0.21428571428571427,16
1,0.089,0.04754571699544031,0.1875,0.25,0.21428571428571427,16
1,0.09,0.04900605645020473,0.17647058823529413,0.25,0.20689655172413793,17
1,0.091,0.051007526538574766,0.17647058823529413,0.25,0.20689655172413793,17
1,0.092,0.053008996626944846,0.17647058823529413,0.25,0.20689655172413793,17
1,0.093,0.055010466715314926,0.17647058823529413,0.25,0.20689655172413793,17
1,0.094,0.057011936803684965,0.17647058823529413,0.25,0.20689655172413793,17
1,0.095,0.05897879829128274,0.16666666666666666,0.25,0.2,18
1,0.096,0.05974128047200533,0.16666666666666666,0.25,0.2,18
1,0.097,0.06050376265272793,0.16666666666666666,0.25,0.2,18
1,0.098,0.061266244833450514,0.16666666666666666,0.25,0.2,18
1,0.099,0.06202872701417309,0.16666666666666666,0.25,0.2,18
1,0.1,0.06279120919489568,0.16666666666666666,0.25,0.2,18
1,0.101,0.06331585359788196,0.15789473684210525,0.25,0.1935483870967742,19
1,0.10200000000000001,0.06353943752272101,0.15789473684210525,0.25,0.1935483870967742,19
1,0.10300000000000001,0.06376302144756005,0.15789473684210525,0.25,0.1935483870967742,19
1,0.10400000000000001,0.0639866053723991,0.15789473684210525,0.25,0.1935483870967742,19
1,0.10500000000000001,0.06421018929723815,0.15789473684210525,0.25,0.1935483870967742,19
1,0.106,0.06443377322207719,0.15789473684210525,0.25,0.1935483870967742,19
1,0.107,0.0657130404049689,0.2,0.3333333333333333,0.25,20
1,0.108,0.06717170474282386,0.2,0.3333333333333333,0.25,20
1,0.109,0.0686303690806788,0.2,0.3333333333333333,0.25,20
1,0.11,0.07008903341853374,0.2,0.3333333333333333,0.25,20
1,0.111,0.07154769775638867,0.2,0.3333333333333333,0.25,20
1,0.112,0.07282279041856461,0.19047619047619047,0.3333333333333333,0.24242424242424243,21
1,0.113,0.07359688538253326,0.19047619047619047,0.3333333333333333,0.24242424242424243,21
1,0.114,0.07437098034650191,0.19047619047619047,0.3333333333333333,0.24242424242424243,21
1,0.115,0.07514507531047057,0.19047619047619047,0.3333333333333333,0.24242424242424243,21
1,0.116,0.07591917027443923,0.19047619047619047,0.3333333333333333,0.24242424242424243,21
1,0.117,0.07669326523840787,0.19047619047619047,0.3333333333333333,0.24242424242424243,21
1,0.11800000000000001,0.0770485303627376,0.18181818181818182,0.3333333333333333,0.23529411764705882,22
1,0.11900000000000001,0.07720811269313767,0.18181818181818182,0.3333333333333333,0.23529411764705882,22
1,0.12000000000000001,0.07736769502353773,0.18181818181818182,0.3333333333333333,0.23529411764705882,22
1,0.121,0.07752727735393779,0.18181818181818182,0.3333333333333333,0.23529411764705882,22
1,0.122,0.07768685968433786,0.18181818181818182,0.3333333333333333,0.23529411764705882,22
1,0.123,0.07788036115681672,0.17391304347826086,0.3333333333333333,0.22857142857142856,23
1,0.124,0.07839709210086987,0.17391304347826086,0.3333333333333333,0.22857142857142856,23
1,0.125,0.07891382304492302,0.17391304347826086,0.3333333333333333,0.22857142857142856,23
1,0.126,0.07943055398897617,0.17391304347826086,0.3333333333333333,0.22857142857142856,23
1,0.127,0.07994728493302933,0.17391304347826086,0.3333333333333333,0.22857142857142856,23
1,0.128,0.08046401587708248,0.17391304347826086,0.3333333333333333,0.22857142857142856,23
1,0.129,0.0812765261475426,0.16666666666666666,0.3333333333333333,0.2222222222222222,24
1,0.13,0.08237506477760506,0.16666666666666666,0.3333333333333333,0.2222222222222222,24
1,0.131,0.08347360340766753,0.16666666666666666,0.3333333333333333,0.2222222222222222,24
1,0.132,0.08457214203772999,0.16666666666666666,0.3333333333333333,0.2222222222222222,24
1,0.133,0.08567068066779246,0.16666666666666666,0.3333333333333333,0.2222222222222222,24
1,0.134,0.08676921929785492,0.16666666666666666,0.3333333333333333,0.2222222222222222,24
1,0.135,0.08727332956439872,0.16,0.3333333333333333,0.21621621621621623,25
1,0.136,0.087727003484947,0.16,0.3333333333333333,0.21621621621621623,25
1,0.137,0.08818067740549529,0.16,0.3333333333333333,0.21621621621621623,25
1,0.138,0.08863435132604357,0.16,0.3333333333333333,0.21621621621621623,25
1,0.139,0.08908802524659185,0.16,0.3333333333333333,0.21621621621621623,25
1,0.14,0.0894452681303794,0.15384615384615385,0.3333333333333333,0.21052631578947367,26
1,0.14100000000000001,0.0896112561245915,0.15384615384615385,0.3333333333333333,0.21052631578947367,26
1,0.14200000000000002,0.08977724411880361,0.15384615384615385,0.3333333333333333,0.21052631578947367,26
1,0.14300000000000002,0.08994323211301573,0.15384615384615385,0.3333333333333333,0.21052631578947367,26
1,0.14400000000000002,0.09010922010722784,0.15384615384615385,0.3333333333333333,0.21052631578947367,26
1,0.14500000000000002,0.09027520810143995,0.15384615384615385,0.3333333333333333,0.21052631578947367,26
1,0.146,0.09046033415887324,0.14814814814814814,0.3333333333333333,0.20512820512820512,27
1,0.147,0.09065188717783604,0.14814814814814814,0.3333333333333333,0.20512820512820512,27
1,0.148,0.09084344019679882,0.14814814814814814,0.3333333333333333,0.20512820512820512,27
1,0.149,0.09103499321576163,0.14814814814814814,0.3333333333333333,0.20512820512820512,27
1,0.15,0.09122654623472441,0.14814814814814814,0.3333333333333333,0.20512820512820512,27
1,0.151,0.09155629997988274,0.14285714285714285,0.3333333333333333,0.2,28
1,0.152,0.09260088506743169,0.14285714285714285,0.3333333333333333,0.2,28
1,0.153,0.09364547015498066,0.14285714285714285,0.3333333333333333,0.2,28
1,0.154,0.09469005524252962,0.14285714285714285,0.3333333333333333,0.2,28
1,0.155,0.09573464033007859,0.14285714285714285,0.3333333333333333,0.2,28
1,0.156,0.09677922541762754,0.14285714285714285,0.3333333333333333,0.2,28
1,0.157,0.09746408332182578,0.13793103448275862,0.3333333333333333,0.1951219512195122,29
1,0.158,0.09788351145966813,0.13793103448275862,0.3333333333333333,0.1951219512195122,29
1,0.159,0.09830293959751049,0.13793103448275862,0.3333333333333333,0.1951219512195122,29
1,0.16,0.09872236773535284,0.13793103448275862,0.3333333333333333,0.1951219512195122,29
1,0.161,0.0991417958731952,0.13793103448275862,0.3333333333333333,0.1951219512195122,29
1,0.162,0.09956122401103756,0.13793103448275862,0.3333333333333333,0.1951219512195122,29
1,0.163,0.10050238326357123,0.13333333333333333,0.3333333333333333,0.19047619047619047,30
1,0.164,0.10144943778293762,0.13333333333333333,0.3333333333333333,0.19047619047619047,30
1,0.165,0.10239649230230395,0.13333333333333333,0.3333333333333333,0.19047619047619047,30
1,0.166,0.10334354682167032,0.13333333333333333,0.3333333333333333,0.19047619047619047,30
1,0.167,0.10429060134103665,0.13333333333333333,0.3333333333333333,0.19047619047619047,30
1,0.168,0.10546168847441942,0.12903225806451613,0.3333333333333333,0.18604651162790697,31
1,0.169,0.10696571296474316,0.12903225806451613,0.3333333333333333,0.18604651162790697,31
1,0.17,0.10846973745506694,0.12903225806451613,0.3333333333333333,0.18604651162790697,31
1,0.171,0.10997376194539069,0.12903225806451613,0.3333333333333333,0.18604651162790697,31
1,0.17200000000000001,0.11147778643571449,0.12903225806451613,0.3333333333333333,0.18604651162790697,31
1,0.17300000000000001,0.11298181092603819,0.12903225806451613,0.3333333333333333,0.18604651162790697,31
1,0.17400000000000002,0.11351766949055543,0.125,0.3333333333333333,0.18181818181818182,32
1,0.17500000000000002,0.11383469603074654,0.125,0.3333333333333333,0.18181818181818182,32
1,0.17600000000000002,0.11415172257093766,0.125,0.3333333333333333,0.18181818181818182,32
1,0.177,0.11446874911112877,0.125,0.3333333333333333,0.18181818181818182,32
1,0.178,0.1147857756513199,0.125,0.3333333333333333,0.18181818181818182,32
1,0.179,0.11503504875899169,0.12121212121212122,0.3333333333333333,0.17777777777777778,33
1,0.18,0.11505627372793993,0.12121212121212122,0.3333333333333333,0.17777777777777778,33
1,0.181,0.11507749869688819,0.12121212121212122,0.3333333333333333,0.17777777777777778,33
1,0.182,0.11509872366583643,0.12121212121212122,0.3333333333333333,0.17777777777777778,33
1,0.183,0.11511994863478468,0.12121212121212122,0.3333333333333333,0.17777777777777778,33
1,0.184,0.11514117360373292,0.12121212121212122,0.3333333333333333,0.17777777777777778,33
1,0.185,0.11519893276167868,0.11764705882352941,0.3333333333333333,0.17391304347826086,34
1,0.186,0.11527702399002304,0.11764705882352941,0.3333333333333333,0.17391304347826086,34
1,0.187,0.1153551152183674,0.11764705882352941,0.3333333333333333,0.17391304347826086,34
1,0.188,0.11543320644671176,0.11764705882352941,0.3333333333333333,0.17391304347826086,34
1,0.189,0.11551129767505612,0.11764705882352941,0.3333333333333333,0.17391304347826086,34
1,0.19,0.11560210490660418,0.11428571428571428,0.3333333333333333,0.1702127659574468,35
1,0.191,0.1159078125922947,0.11428571428571428,0.3333333333333333,0.1702127659574468,35
1,0.192,0.11621352027798522,0.11428571428571428,0.3333333333333333,0.1702127659574468,35
1,0.193,0.11651922796367574,0.11428571428571428,0.3333333333333333,0.1702127659574468,35
1,0.194,0.11682493564936626,0.11428571428571428,0.3333333333333333,0.1702127659574468,35
1,0.195,0.11713064333505678,0.11428571428571428,0.3333333333333333,0.1702127659574468,35
1,0.196,0.11747393659102387,0.1111111111111111,0.3333333333333333,0.16666666666666666,36
1,0.197,0.11785973733718466,0.1111111111111111,0.3333333333333333,0.16666666666666666,36
1,0.198,0.1182455380833455,0.1111111111111111,0.3333333333333333,0.16666666666666666,36
1,0.199,0.11863133882950631,0.1111111111111111,0.3333333333333333,0.16666666666666666,36
1,0.2,0.11901713957566713,0.1111111111111111,0.3333333333333333,0.16666666666666666,36
1,0.201,0.11940294032182794,0.1111111111111111,0.3333333333333333,0.16666666666666666,36
1,0.202,0.12017457264043375,0.10810810810810811,0.3333333333333333,0.16326530612244897,37
1,0.203,0.12099748637056701,0.10810810810810811,0.3333333333333333,0.16326530612244897,37
1,0.20400000000000001,0.1218204001007003,0.10810810810810811,0.3333333333333333,0.16326530612244897,37
1,0.20500000000000002,0.12264331383083356,0.10810810810810811,0.3333333333333333,0.16326530612244897,37
1,0.20600000000000002,0.12346622756096684,0.10810810810810811,0.3333333333333333,0.16326530612244897,37
1,0.20700000000000002,0.12407297905552273,0.10526315789473684,0.3333333333333333,0.16,38
1,0.20800000000000002,0.12416583542398898,0.10526315789473684,0.3333333333333333,0.16,38
1,0.20900000000000002,0.12425869179245523,0.10526315789473684,0.3333333333333333,0.16,38
1,0.21,0.12435154816092149,0.10526315789473684,0.3333333333333333,0.16,38
1,0.211,0.12444440452938775,0.10526315789473684,0.3333333333333333,0.16,38
1,0.212,0.12453726089785401,0.10526315789473684,0.3333333333333333,0.16,38
1,0.213,0.1245891517552656,0.1282051282051282,0.4166666666666667,0.19607843137254902,39
1,0.214,0.1246242693325603,0.1282051282051282,0.4166666666666667,0.19607843137254902,39
1,0.215,0.12465938690985501,0.1282051282051282,0.4166666666666667,0.19607843137254902,39
1,0.216,0.12469450448714971,0.1282051282051282,0.4166666666666667,0.19607843137254902,39
1,0.217,0.12472962206444442,0.1282051282051282,0.4166666666666667,0.19607843137254902,39
1,0.218,0.12477427853849807,0.125,0.4166666666666667,0.19230769230769232,40
1,0.219,0.12488700804851333,0.125,0.4166666666666667,0.19230769230769232,40
1,0.22,0.12499973755852858,0.125,0.4166666666666667,0.19230769230769232,40
1,0.221,0.12511246706854384,0.125,0.4166666666666667,0.19230769230769232,40
1,0.222,0.12522519657855907,0.125,0.4166666666666667,0.19230769230769232,40
1,0.223,0.12533792608857433,0.125,0.4166666666666667,0.19230769230769232,40
1,0.224,0.12547194130364528,0.12195121951219512,0.4166666666666667,0.18867924528301888,41
1,0.225,0.12562435978454564,0.12195121951219512,0.4166666666666667,0.18867924528301888,41
1,0.226,0.125776778265446,0.12195121951219512,0.4166666666666667,0.18867924528301888,41
1,0.227,0.12592919674634637,0.12195121951219512,0.4166666666666667,0.18867924528301888,41
1,0.228,0.12608161522724673,0.12195121951219512,0.4166666666666667,0.18867924528301888,41
1,0.229,0.12623403370814706,0.12195121951219512,0.4166666666666667,0.18867924528301888,41
1,0.23,0.12643767718910157,0.11904761904761904,0.4166666666666667,0.18518518518518517,42
1,0.231,0.12664403258182363,0.11904761904761904,0.4166666666666667,0.18518518518518517,42
1,0.232,0.1268503879745457,0.11904761904761904,0.4166666666666667,0.18518518518518517,42
1,0.233,0.12705674336726777,0.11904761904761904,0.4166666666666667,0.18518518518518517,42
1,0.234,0.12726309875998984,0.11904761904761904,0.4166666666666667,0.18518518518518517,42
1,0.23500000000000001,0.12761596176779894,0.11627906976744186,0.4166666666666667,0.18181818181818182,43
1,0.23600000000000002,0.12822577659283763,0.11627906976744186,0.4166666666666667,0.18181818181818182,43
1,0.23700000000000002,0.12883559141787632,0.11627906976744186,0.4166666666666667,0.18181818181818182,43
1,0.23800000000000002,0.129445406242915,0.11627906976744186,0.4166666666666667,0.18181818181818182,43
1,0.23900000000000002,0.1300552210679537,0.11627906976744186,0.4166666666666667,0.18181818181818182,43
1,0.24000000000000002,0.1306650358929924,0.11627906976744186,0.4166666666666667,0.18181818181818182,43
1,0.241,0.13082298284253024,0.11363636363636363,0.4166666666666667,0.17857142857142858,44
1,0.242,0.1308508958710607,0.11363636363636363,0.4166666666666667,0.17857142857142858,44
1,0.243,0.13087880889959114,0.11363636363636363,0.4166666666666667,0.17857142857142858,44
1,0.244,0.13090672192812158,0.11363636363636363,0.4166666666666667,0.17857142857142858,44
1,0.245,0.13093463495665203,0.11363636363636363,0.4166666666666667,0.17857142857142858,44
1,0.246,0.13101254045115238,0.1111111111111111,0.4166666666666667,0.17543859649122806,45
1,0.247,0.1313036491093478,0.1111111111111111,0.4166666666666667,0.17543859649122806,45
1,0.248,0.13159475776754323,0.1111111111111111,0.4166666666666667,0.17543859649122806,45
1,0.249,0.13188586642573866,0.1111111111111111,0.4166666666666667,0.17543859649122806,45
1,0.25,0.13217697508393408,0.1111111111111111,0.4166666666666667,0.17543859649122806,45
1,0.251,0.1324680837421295,0.1111111111111111,0.4166666666666667,0.17543859649122806,45
1,0.252,0.13276211325993892,0.10869565217391304,0.4166666666666667,0.1724137931034483,46
1,0.253,0.13305806297249453,0.10869565217391304,0.4166666666666667,0.1724137931034483,46
1,0.254,0.13335401268505015,0.10869565217391304,0.4166666666666667,0.1724137931034483,46
1,0.255,0.13364996239760576,0.10869565217391304,0.4166666666666667,0.1724137931034483,46
1,0.256,0.13394591211016138,0.10869565217391304,0.4166666666666667,0.1724137931034483,46
1,0.257,0.13423963164587577,0.10638297872340426,0.4166666666666667,0.1694915254237288,47
1,0.258,0.1344025141402381,0.10638297872340426,0.4166666666666667,0.1694915254237288,47
1,0.259,0.13456539663460043,0.10638297872340426,0.4166666666666667,0.1694915254237288,47
1,0.26,0.13472827912896276,0.10638297872340426,0.4166666666666667,0.1694915254237288,47
1,0.261,0.1348911616233251,0.10638297872340426,0.4166666666666667,0.1694915254237288,47
1,0.262,0.13505404411768743,0.10638297872340426,0.4166666666666667,0.1694915254237288,47
1,0.263,0.1351674882545264,0.125,0.5,0.2,48
1,0.264,0.1352154426190617,0.125,0.5,0.2,48
1,0.265,0.13526339698359705,0.125,0.5,0.2,48
1,0.266,0.13531135134813235,0.125,0.5,0.2,48
1,0.267,0.1353593057126677,0.125,0.5,0.2,48
1,0.268,0.135407260077203,0.125,0.5,0.2,48
1,0.269,0.13546189292691155,0.14285714285714285,0.5833333333333334,0.22950819672131148,49
1,0.27,0.1355177641712218,0.14285714285714285,0.5833333333333334,0.22950819672131148,49
1,0.271,0.13557363541553202,0.14285714285714285,0.5833333333333334,0.22950819672131148,49
1,0.272,0.13562950665984225,0.14285714285714285,0.5833333333333334,0.22950819672131148,49
1,0.273,0.13568537790415247,0.14285714285714285,0.5833333333333334,0.22950819672131148,49
1,0.274,0.1357284013953643,0.14,0.5833333333333334,0.22580645161290322,50
1,0.275,0.1357342781221829,0.14,0.5833333333333334,0.22580645161290322,50
1,0.276,0.13574015484900148,0.14,0.5833333333333334,0.22580645161290322,50
1,0.277,0.13574603157582008,0.14,0.5833333333333334,0.22580645161290322,50
1,0.278,0.13575190830263867,0.14,0.5833333333333334,0.22580645161290322,50
1,0.279,0.13575778502945726,0.14,0.5833333333333334,0.22580645161290322,50
1,0.28,0.13584324233469536,0.13725490196078433,0.5833333333333334,0.2222222222222222,51
1,0.281,0.1359678267576564,0.13725490196078433,0.5833333333333334,0.2222222222222222,51
1,0.28200000000000003,0.13609241118061743,0.13725490196078433,0.5833333333333334,0.2222222222222222,51
1,0.28300000000000003,0.13621699560357847,0.13725490196078433,0.5833333333333334,0.2222222222222222,51
1,0.28400000000000003,0.13634158002653954,0.13725490196078433,0.5833333333333334,0.2222222222222222,51
1,0.28500000000000003,0.13645754301559668,0.1346153846153846,0.5833333333333334,0.21875,52
1,0.28600000000000003,0.1364792449939714,0.1346153846153846,0.5833333333333334,0.21875,52
1,0.28700000000000003,0.1365009469723461,0.1346153846153846,0.5833333333333334,0.21875,52
1,0.28800000000000003,0.1365226489507208,0.1346153846153846,0.5833333333333334,0.21875,52
1,0.28900000000000003,0.13654435092909553,0.1346153846153846,0.5833333333333334,0.21875,52
1,0.29,0.13656605290747023,0.1346153846153846,0.5833333333333334,0.21875,52
1,0.291,0.1367892909392657,0.1320754716981132,0.5833333333333334,0.2153846153846154,53
1,0.292,0.1372163294745203,0.1320754716981132,0.5833333333333334,0.2153846153846154,53
1,0.293,0.13764336800977495,0.1320754716981132,0.5833333333333334,0.2153846153846154,53
1,0.294,0.1380704065450296,0.1320754716981132,0.5833333333333334,0.2153846153846154,53
1,0.295,0.13849744508028425,0.1320754716981132,0.5833333333333334,0.2153846153846154,53
1,0.296,0.13892448361553886,0.1320754716981132,0.5833333333333334,0.2153846153846154,53
1,0.297,0.13904889092626763,0.12962962962962962,0.5833333333333334,0.21212121212121213,54
1,0.298,0.13914359210452754,0.12962962962962962,0.5833333333333334,0.21212121212121213,54
1,0.299,0.13923829328278747,0.12962962962962962,0.5833333333333334,0.21212121212121213,54
1,0.3,0.1393329944610474,0.12962962962962962,0.5833333333333334,0.21212121212121213,54
1,0.301,0.13942769563930735,0.12962962962962962,0.5833333333333334,0.21212121212121213,54
1,0.302,0.13952702092237457,0.12727272727272726,0.5833333333333334,0.208955223880597,55
1,0.303,0.13963599304478108,0.12727272727272726,0.5833333333333334,0.208955223880597,55
1,0.304,0.1397449651671876,0.12727272727272726,0.5833333333333334,0.208955223880597,55
1,0.305,0.1398539372895941,0.12727272727272726,0.5833333333333334,0.208955223880597,55
1,0.306,0.13996290941200062,0.12727272727272726,0.5833333333333334,0.208955223880597,55
1,0.307,0.14007188153440714,0.12727272727272726,0.5833333333333334,0.208955223880597,55
1,0.308,0.14013177471658753,0.125,0.5833333333333334,0.20588235294117646,56
1,0.309,0.14017419282156618,0.125,0.5833333333333334,0.20588235294117646,56
1,0.31,0.14021661092654486,0.125,0.5833333333333334,0.20588235294117646,56
1,0.311,0.1402590290315235,0.125,0.5833333333333334,0.20588235294117646,56
1,0.312,0.14030144713650217,0.125,0.5833333333333334,0.20588235294117646,56
1,0.313,0.14033836496401167,0.12280701754385964,0.5833333333333334,0.2028985507246377,57
1,0.314,0.14034431826650962,0.12280701754385964,0.5833333333333334,0.2028985507246377,57
1,0.315,0.14035027156900753,0.12280701754385964,0.5833333333333334,0.2028985507246377,57
1,0.316,0.14035622487150545,0.12280701754385964,0.5833333333333334,0.2028985507246377,57
1,0.317,0.14036217817400337,0.12280701754385964,0.5833333333333334,0.2028985507246377,57
1,0.318,0.14036813147650132,0.12280701754385964,0.5833333333333334,0.2028985507246377,57
1,0.319,0.14038949199722547,0.1206896551724138,0.5833333333333334,0.2,58
1,0.32,0.14042275116172828,0.1206896551724138,0.5833333333333334,0.2,58
1,0.321,0.14045601032623112,0.1206896551724138,0.5833333333333334,0.2,58
1,0.322,0.14048926949073395,0.1206896551724138,0.5833333333333334,0.2,58
1,0.323,0.14052252865523676,0.1206896551724138,0.5833333333333334,0.2,58
1,0.324,0.1405557878197396,0.1206896551724138,0.5833333333333334,0.2,58
1,0.325,0.14063638444705745,0.11864406779661017,0.5833333333333334,0.19718309859154928,59
1,0.326,0.14071806307352538,0.11864406779661017,0.5833333333333334,0.19718309859154928,59
1,0.327,0.1407997416999933,0.11864406779661017,0.5833333333333334,0.19718309859154928,59
1,0.328,0.1408814203264612,0.11864406779661017,0.5833333333333334,0.19718309859154928,59
1,0.329,0.14096309895292913,0.11864406779661017,0.5833333333333334,0.19718309859154928,59
1,0.33,0.14107144212280062,0.11666666666666667,0.5833333333333334,0.19444444444444445,60
1,0.331,0.14122130579597203,0.11666666666666667,0.5833333333333334,0.19444444444444445,60
1,0.332,0.1413711694691434,0.11666666666666667,0.5833333333333334,0.19444444444444445,60
1,0.333,0.1415210331423148,0.11666666666666667,0.5833333333333334,0.19444444444444445,60
1,0.334,0.14167089681548617,0.11666666666666667,0.5833333333333334,0.19444444444444445,60
1,0.335,0.14182076048865755,0.11666666666666667,0.5833333333333334,0.19444444444444445,60
1,0.336,0.14186531549863243,0.11475409836065574,0.5833333333333334,0.1917808219178082,61
1,0.337,0.14188427465296924,0.11475409836065574,0.5833333333333334,0.1917808219178082,61
1,0.338,0.14190323380730605,0.11475409836065574,0.5833333333333334,0.1917808219178082,61
1,0.339,0.14192219296164288,0.11475409836065574,0.5833333333333334,0.1917808219178082,61
1,0.34,0.14194115211597969,0.11475409836065574,0.5833333333333334,0.1917808219178082,61
1,0.341,0.1420165360722703,0.11290322580645161,0.5833333333333334,0.1891891891891892,62
1,0.342,0.14229447059967698,0.11290322580645161,0.5833333333333334,0.1891891891891892,62
1,0.343,0.1425724051270837,0.11290322580645161,0.5833333333333334,0.1891891891891892,62
1,0.34400000000000003,0.1428503396544904,0.11290322580645161,0.5833333333333334,0.1891891891891892,62
1,0.34500000000000003,0.14312827418189705,0.11290322580645161,0.5833333333333334,0.1891891891891892,62
1,0.34600000000000003,0.14340620870930376,0.11290322580645161,0.5833333333333334,0.1891891891891892,62
1,0.34700000000000003,0.1436423510782292,0.1111111111111111,0.5833333333333334,0.18666666666666668,63
1,0.34800000000000003,0.14385408386786472,0.1111111111111111,0.5833333333333334,0.18666666666666668,63
1,0.34900000000000003,0.1440658166575002,0.1111111111111111,0.5833333333333334,0.18666666666666668,63
1,0.35000000000000003,0.14427754944713572,0.1111111111111111,0.5833333333333334,0.18666666666666668,63
1,0.35100000000000003,0.14448928223677124,0.1111111111111111,0.5833333333333334,0.18666666666666668,63
1,0.35200000000000004,0.1446956016964139,0.109375,0.5833333333333334,0.18421052631578946,64
1,0.353,0.14478621122745958,0.109375,0.5833333333333334,0.18421052631578946,64
1,0.354,0.14487682075850528,0.109375,0.5833333333333334,0.18421052631578946,64
1,0.355,0.14496743028955095,0.109375,0.5833333333333334,0.18421052631578946,64
1,0.356,0.14505803982059665,0.109375,0.5833333333333334,0.18421052631578946,64
1,0.357,0.14514864935164232,0.109375,0.5833333333333334,0.18421052631578946,64
1,0.358,0.1452316704461157,0.1076923076923077,0.5833333333333334,0.18181818181818182,65
1,0.359,0.14530571497537548,0.1076923076923077,0.5833333333333334,0.18181818181818182,65
1,0.36,0.14537975950463528,0.1076923076923077,0.5833333333333334,0.18181818181818182,65
1,0.361,0.14545380403389507,0.1076923076923077,0.5833333333333334,0.18181818181818182,65
1,0.362,0.14552784856315487,0.1076923076923077,0.5833333333333334,0.18181818181818182,65
1,0.363,0.14560189309241467,0.1076923076923077,0.5833333333333334,0.18181818181818182,65
1,0.364,0.14607112860497215,0.10606060606060606,0.5833333333333334,0.1794871794871795,66
1,0.365,0.14659862945481075,0.10606060606060606,0.5833333333333334,0.1794871794871795,66
1,0.366,0.14712613030464936,0.10606060606060606,0.5833333333333334,0.1794871794871795,66
1,0.367,0.14765363115448799,0.10606060606060606,0.5833333333333334,0.1794871794871795,66
1,0.368,0.14818113200432656,0.10606060606060606,0.5833333333333334,0.1794871794871795,66
1,0.369,0.14859214657083067,0.1044776119402985,0.5833333333333334,0.17721518987341772,67
1,0.37,0.14871080340661297,0.1044776119402985,0.5833333333333334,0.17721518987341772,67
1,0.371,0.14882946024239527,0.1044776119402985,0.5833333333333334,0.17721518987341772,67
1,0.372,0.14894811707817757,0.1044776119402985,0.5833333333333334,0.17721518987341772,67
1,0.373,0.14906677391395987,0.1044776119402985,0.5833333333333334,0.17721518987341772,67
1,0.374,0.14918543074974217,0.1044776119402985,0.5833333333333334,0.17721518987341772,67
1,0.375,0.1492547267100976,0.10294117647058823,0.5833333333333334,0.175,68
1,0.376,0.1493026987722686,0.10294117647058823,0.5833333333333334,0.175,68
1,0.377,0.1493506708344396,0.10294117647058823,0.5833333333333334,0.175,68
1,0.378,0.1493986428966106,0.10294117647058823,0.5833333333333334,0.175,68
1,0.379,0.14944661495878162,0.10294117647058823,0.5833333333333334,0.175,68
1,0.38,0.14953309520253477,0.10144927536231885,0.5833333333333334,0.1728395061728395,69
1,0.381,0.14992571548986613,0.10144927536231885,0.5833333333333334,0.1728395061728395,69
1,0.382,0.15031833577719747,0.10144927536231885,0.5833333333333334,0.1728395061728395,69
1,0.383,0.1507109560645288,0.10144927536231885,0.5833333333333334,0.1728395061728395,69
1,0.384,0.1511035763518602,0.10144927536231885,0.5833333333333334,0.1728395061728395,69
1,0.385,0.15149619663919156,0.10144927536231885,0.5833333333333334,0.1728395061728395,69
1,0.386,0.1516946130214981,0.1,0.5833333333333334,0.17073170731707318,70
1,0.387,0.15171741948968645,0.1,0.5833333333333334,0.17073170731707318,70
1,0.388,0.15174022595787484,0.1,0.5833333333333334,0.17073170731707318,70
1,0.389,0.1517630324260632,0.1,0.5833333333333334,0.17073170731707318,70
1,0.39,0.15178583889425157,0.1,0.5833333333333334,0.17073170731707318,70
1,0.391,0.15180864536243993,0.1,0.5833333333333334,0.17073170731707318,70
1,0.392,0.15182288294879737,0.09859154929577464,0.5833333333333334,0.1686746987951807,71
1,0.393,0.15183655947741587,0.09859154929577464,0.5833333333333334,0.1686746987951807,71
1,0.394,0.15185023600603434,0.09859154929577464,0.5833333333333334,0.1686746987951807,71
1,0.395,0.15186391253465284,0.09859154929577464,0.5833333333333334,0.1686746987951807,71
1,0.396,0.15187758906327134,0.09859154929577464,0.5833333333333334,0.1686746987951807,71
1,0.397,0.1519054540968446,0.09722222222222222,0.5833333333333334,0.16666666666666666,72
1,0.398,0.15195944399668376,0.09722222222222222,0.5833333333333334,0.16666666666666666,72
1,0.399,0.15201343389652294,0.09722222222222222,0.5833333333333334,0.16666666666666666,72
1,0.4,0.1520674237963621,0.09722222222222222,0.5833333333333334,0.16666666666666666,72
1,0.401,0.15212141369620127,0.09722222222222222,0.5833333333333334,0.16666666666666666,72
1,0.402,0.15217540359604043,0.09722222222222222,0.5833333333333334,0.16666666666666666,72
1,0.403,0.15235031997233894,0.0958904109589041,0.5833333333333334,0.16470588235294117,73
1,0.404,0.15256230869908485,0.0958904109589041,0.5833333333333334,0.16470588235294117,73
1,0.405,0.15277429742583074,0.0958904109589041,0.5833333333333334,0.16470588235294117,73
1,0.406,0.15298628615257662,0.0958904109589041,0.5833333333333334,0.16470588235294117,73
1,0.40700000000000003,0.1531982748793225,0.0958904109589041,0.5833333333333334,0.16470588235294117,73
1,0.40800000000000003,0.15338462337581757,0.0945945945945946,0.5833333333333334,0.16279069767441862,74
1,0.40900000000000003,0.1534531870645979,0.0945945945945946,0.5833333333333334,0.16279069767441862,74
1,0.41000000000000003,0.15352175075337823,0.0945945945945946,0.5833333333333334,0.16279069767441862,74
1,0.41100000000000003,0.15359031444215857,0.0945945945945946,0.5833333333333334,0.16279069767441862,74
1,0.41200000000000003,0.1536588781309389,0.0945945945945946,0.5833333333333334,0.16279069767441862,74
1,0.41300000000000003,0.15372744181971923,0.0945945945945946,0.5833333333333334,0.16279069767441862,74
1,0.41400000000000003,0.15383388050470495,0.09333333333333334,0.5833333333333334,0.16091954022988506,75
1,0.41500000000000004,0.15396640291349242,0.09333333333333334,0.5833333333333334,0.16091954022988506,75
1,0.41600000000000004,0.15409892532227995,0.09333333333333334,0.5833333333333334,0.16091954022988506,75
1,0.41700000000000004,0.15423144773106745,0.09333333333333334,0.5833333333333334,0.16091954022988506,75
1,0.418,0.15436397013985495,0.09333333333333334,0.5833333333333334,0.16091954022988506,75
1,0.419,0.1544957657551238,0.09210526315789473,0.5833333333333334,0.1590909090909091,76
1,0.42,0.15449819212407478,0.09210526315789473,0.5833333333333334,0.1590909090909091,76
1,0.421,0.15450061849302577,0.09210526315789473,0.5833333333333334,0.1590909090909091,76
1,0.422,0.15450304486197672,0.09210526315789473,0.5833333333333334,0.1590909090909091,76
1,0.423,0.1545054712309277,0.09210526315789473,0.5833333333333334,0.1590909090909091,76
1,0.424,0.15450789759987865,0.09210526315789473,0.5833333333333334,0.1590909090909091,76
1,0.425,0.15455215750298013,0.09090909090909091,0.5833333333333334,0.15730337078651685,77
1,0.426,0.15465442657343698,0.09090909090909091,0.5833333333333334,0.15730337078651685,77
1,0.427,0.1547566956438938,0.09090909090909091,0.5833333333333334,0.15730337078651685,77
1,0.428,0.15485896471435062,0.09090909090909091,0.5833333333333334,0.15730337078651685,77
1,0.429,0.15496123378480745,0.09090909090909091,0.5833333333333334,0.15730337078651685,77
1,0.43,0.15506350285526427,0.09090909090909091,0.5833333333333334,0.15730337078651685,77
1,0.431,0.1551812081315863,0.08974358974358974,0.5833333333333334,0.15555555555555556,78
1,0.432,0.15530202136882082,0.08974358974358974,0.5833333333333334,0.15555555555555556,78
1,0.433,0.1554228346060553,0.08974358974358974,0.5833333333333334,0.15555555555555556,78
1,0.434,0.15554364784328978,0.08974358974358974,0.5833333333333334,0.15555555555555556,78
1,0.435,0.15566446108052429,0.08974358974358974,0.5833333333333334,0.15555555555555556,78
1,0.436,0.15589605466622225,0.08860759493670886,0.5833333333333334,0.15384615384615385,79
1,0.437,0.1564675425028878,0.08860759493670886,0.5833333333333334,0.15384615384615385,79
1,0.438,0.15703903033955321,0.08860759493670886,0.5833333333333334,0.15384615384615385,79
1,0.439,0.15761051817621874,0.08860759493670886,0.5833333333333334,0.15384615384615385,79
1,0.44,0.15818200601288424,0.08860759493670886,0.5833333333333334,0.15384615384615385,79
1,0.441,0.15875349384954973,0.08860759493670886,0.5833333333333334,0.15384615384615385,79
1,0.442,0.15899306309029476,0.0875,0.5833333333333334,0.15217391304347827,80
1,0.443,0.15906104729416568,0.0875,0.5833333333333334,0.15217391304347827,80
1,0.444,0.15912903149803662,0.0875,0.5833333333333334,0.15217391304347827,80
1,0.445,0.15919701570190753,0.0875,0.5833333333333334,0.15217391304347827,80
1,0.446,0.15926499990577844,0.0875,0.5833333333333334,0.15217391304347827,80
1,0.447,0.15934919577504755,0.08641975308641975,0.5833333333333334,0.15053763440860216,81
1,0.448,0.1596404021409397,0.08641975308641975,0.5833333333333334,0.15053763440860216,81
1,0.449,0.15993160850683177,0.08641975308641975,0.5833333333333334,0.15053763440860216,81
1,0.45,0.1602228148727239,0.08641975308641975,0.5833333333333334,0.15053763440860216,81
1,0.451,0.16051402123861602,0.08641975308641975,0.5833333333333334,0.15053763440860216,81
1,0.452,0.16080522760450816,0.08641975308641975,0.5833333333333334,0.15053763440860216,81
1,0.453,0.1609755441404524,0.08536585365853659,0.5833333333333334,0.14893617021276595,82
1,0.454,0.16101802315507244,0.08536585365853659,0.5833333333333334,0.14893617021276595,82
1,0.455,0.1610605021696925,0.08536585365853659,0.5833333333333334,0.14893617021276595,82
1,0.456,0.16110298118431254,0.08536585365853659,0.5833333333333334,0.14893617021276595,82
1,0.457,0.1611454601989326,0.08536585365853659,0.5833333333333334,0.14893617021276595,82
1,0.458,0.16118793921355265,0.08536585365853659,0.5833333333333334,0.14893617021276595,82
1,0.459,0.16133823356641014,0.08433734939759036,0.5833333333333334,0.14736842105263157,83
1,0.46,0.1615005818080147,0.08433734939759036,0.5833333333333334,0.14736842105263157,83
1,0.461,0.1616629300496192,0.08433734939759036,0.5833333333333334,0.14736842105263157,83
1,0.462,0.16182527829122376,0.08433734939759036,0.5833333333333334,0.14736842105263157,83
1,0.463,0.16198762653282828,0.08433734939759036,0.5833333333333334,0.14736842105263157,83
1,0.464,0.16210788994050113,0.08333333333333333,0.5833333333333334,0.14583333333333334,84
1,0.465,0.16213571701650262,0.08333333333333333,0.5833333333333334,0.14583333333333334,84
1,0.466,0.1621635440925041,0.08333333333333333,0.5833333333333334,0.14583333333333334,84
1,0.467,0.16219137116850557,0.08333333333333333,0.5833333333333334,0.14583333333333334,84
1,0.468,0.16221919824450706,0.08333333333333333,0.5833333333333334,0.14583333333333334,84
1,0.46900000000000003,0.16224702532050855,0.08333333333333333,0.5833333333333334,0.14583333333333334,84
1,0.47000000000000003,0.1624140706614471,0.08235294117647059,0.5833333333333334,0.14432989690721648,85
1,0.47100000000000003,0.16263359057916968,0.08235294117647059,0.5833333333333334,0.14432989690721648,85
1,0.47200000000000003,0.16285311049689222,0.08235294117647059,0.5833333333333334,0.14432989690721648,85
1,0.47300000000000003,0.16307263041461476,0.08235294117647059,0.5833333333333334,0.14432989690721648,85
1,0.47400000000000003,0.16329215033233732,0.08235294117647059,0.5833333333333334,0.14432989690721648,85
1,0.47500000000000003,0.1634936095445704,0.08139534883720931,0.5833333333333334,0.14285714285714285,86
1,0.47600000000000003,0.16358381481098863,0.08139534883720931,0.5833333333333334,0.14285714285714285,86
1,0.47700000000000004,0.16367402007740686,0.08139534883720931,0.5833333333333334,0.14285714285714285,86
1,0.47800000000000004,0.16376422534382507,0.08139534883720931,0.5833333333333334,0.14285714285714285,86
1,0.47900000000000004,0.1638544306102433,0.08139534883720931,0.5833333333333334,0.14285714285714285,86
1,0.48000000000000004,0.16394463587666153,0.08139534883720931,0.5833333333333334,0.14285714285714285,86
1,0.481,0.16402849194108896,0.08045977011494253,0.5833333333333334,0.1414141414141414,87
1,0.482,0.16410721733724107,0.08045977011494253,0.5833333333333334,0.1414141414141414,87
1,0.483,0.16418594273339315,0.08045977011494253,0.5833333333333334,0.1414141414141414,87
1,0.484,0.16426466812954524,0.08045977011494253,0.5833333333333334,0.1414141414141414,87
1,0.485,0.16434339352569735,0.08045977011494253,0.5833333333333334,0.1414141414141414,87
1,0.486,0.16442211892184944,0.08045977011494253,0.5833333333333334,0.1414141414141414,87
1,0.487,0.16471172398356748,0.07954545454545454,0.5833333333333334,0.14,88
1,0.488,0.16500864279091215,0.07954545454545454,0.5833333333333334,0.14,88
1,0.489,0.16530556159825677,0.07954545454545454,0.5833333333333334,0.14,88
1,0.49,0.1656024804056014,0.07954545454545454,0.5833333333333334,0.14,88
1,0.491,0.16589939921294605,0.07954545454545454,0.5833333333333334,0.14,88
1,0.492,0.1661238757292666,0.07865168539325842,0.5833333333333334,0.13861386138613863,89
1,0.493,0.16623010085876833,0.07865168539325842,0.5833333333333334,0.13861386138613863,89
1,0.494,0.16633632598827008,0.07865168539325842,0.5833333333333334,0.13861386138613863,89
1,0.495,0.16644255111777187,0.07865168539325842,0.5833333333333334,0.13861386138613863,89
1,0.496,0.16654877624727363,0.07865168539325842,0.5833333333333334,0.13861386138613863,89
1,0.497,0.16665500137677539,0.07865168539325842,0.5833333333333334,0.13861386138613863,89
1,0.498,0.166695891231536,0.07777777777777778,0.5833333333333334,0.13725490196078433,90
1,0.499,0.16671975710625841,0.07777777777777778,0.5833333333333334,0.13725490196078433,90
1,0.5,0.16674362298098086,0.07777777777777778,0.5833333333333334,0.13725490196078433,90
