contamination,threshold,precision,recall,f1,predicted_positives
0.001,-0.07667643084574216,0.0,0.0,0.0,1
0.002,-0.06902962824295511,0.0,0.0,0.0,1
0.003,-0.06138282564016807,0.0,0.0,0.0,1
0.004,-0.05373602303738102,0.0,0.0,0.0,1
0.005,-0.04608922043459397,0.0,0.0,0.0,1
0.006,-0.04528459112537074,0.5,0.07142857142857142,0.125,2
0.007,-0.044656306488662034,0.5,0.07142857142857142,0.125,2
0.008,-0.04402802185195333,0.5,0.07142857142857142,0.125,2
0.009000000000000001,-0.04339973721524463,0.5,0.07142857142857142,0.125,2
0.010000000000000002,-0.04277145257853592,0.5,0.07142857142857142,0.125,2
0.011,-0.042323481042144666,0.3333333333333333,0.07142857142857142,0.11764705882352941,3
0.012,-0.04188504988143159,0.3333333333333333,0.07142857142857142,0.11764705882352941,3
0.013000000000000001,-0.0414466187207185,0.3333333333333333,0.07142857142857142,0.11764705882352941,3
0.014000000000000002,-0.041008187560005425,0.3333333333333333,0.07142857142857142,0.11764705882352941,3
0.015,-0.04056975639929234,0.3333333333333333,0.07142857142857142,0.11764705882352941,3
0.016,-0.04016966727870605,0.5,0.14285714285714285,0.2222222222222222,4
0.017,-0.039772703867912707,0.5,0.14285714285714285,0.2222222222222222,4
0.018000000000000002,-0.03937574045711936,0.5,0.14285714285714285,0.2222222222222222,4
0.019000000000000003,-0.03897877704632601,0.5,0.14285714285714285,0.2222222222222222,4
0.02,-0.03858181363553267,0.5,0.14285714285714285,0.2222222222222222,4
0.021,-0.036474566734263136,0.4,0.14285714285714285,0.21052631578947367,5
0.022000000000000002,-0.03417622670556611,0.4,0.14285714285714285,0.21052631578947367,5
0.023,-0.031877886676869076,0.4,0.14285714285714285,0.21052631578947367,5
0.024,-0.029579546648172046,0.4,0.14285714285714285,0.21052631578947367,5
0.025,-0.027281206619475005,0.4,0.14285714285714285,0.21052631578947367,5
0.026000000000000002,-0.024049212091284272,0.3333333333333333,0.14285714285714285,0.2,6
0.027000000000000003,-0.02068307180167203,0.3333333333333333,0.14285714285714285,0.2,6
0.028,-0.017316931512059777,0.3333333333333333,0.14285714285714285,0.2,6
0.029,-0.01395079122244754,0.3333333333333333,0.14285714285714285,0.2,6
0.030000000000000002,-0.010584650932835286,0.3333333333333333,0.14285714285714285,0.2,6
0.031,-0.007357755661818867,0.42857142857142855,0.21428571428571427,0.2857142857142857,7
0.032,-0.00415557844144071,0.42857142857142855,0.21428571428571427,0.2857142857142857,7
0.033,-0.000953401221062568,0.42857142857142855,0.21428571428571427,0.2857142857142857,7
0.034,0.002248775999315589,0.42857142857142855,0.21428571428571427,0.2857142857142857,7
0.035,0.005450953219693732,0.42857142857142855,0.21428571428571427,0.2857142857142857,7
0.036000000000000004,0.00867443104042822,0.375,0.21428571428571427,0.2727272727272727,8
0.037000000000000005,0.011902454720994868,0.375,0.21428571428571427,0.2727272727272727,8
0.038,0.015130478401561474,0.375,0.21428571428571427,0.2727272727272727,8
0.039,0.018358502082128123,0.375,0.21428571428571427,0.2727272727272727,8
0.04,0.021586525762694757,0.375,0.21428571428571427,0.2727272727272727,8
0.041,0.02229502888279057,0.3333333333333333,0.21428571428571427,0.2608695652173913,9
0.042,0.022369690352453474,0.3333333333333333,0.21428571428571427,0.2608695652173913,9
0.043000000000000003,0.022444351822116376,0.3333333333333333,0.21428571428571427,0.2608695652173913,9
0.044000000000000004,0.02251901329177928,0.3333333333333333,0.21428571428571427,0.2608695652173913,9
0.045,0.02259367476144218,0.3333333333333333,0.21428571428571427,0.2608695652173913,9
0.046,0.02671188582517941,0.3,0.21428571428571427,0.25,10
0.047,0.032011653588483804,0.3,0.21428571428571427,0.25,10
0.048,0.0373114213517882,0.3,0.21428571428571427,0.25,10
0.049,0.042611189115092644,0.3,0.21428571428571427,0.25,10
0.05,0.04791095687839704,0.3,0.21428571428571427,0.25,10
0.051000000000000004,0.05056189408545813,0.2727272727272727,0.21428571428571427,0.24,11
0.052000000000000005,0.052323961978343644,0.2727272727272727,0.21428571428571427,0.24,11
0.053000000000000005,0.05408602987122915,0.2727272727272727,0.21428571428571427,0.24,11
0.054,0.05584809776411467,0.2727272727272727,0.21428571428571427,0.24,11
0.055,0.057610165657000174,0.2727272727272727,0.21428571428571427,0.24,11
0.056,0.0601633190095116,0.25,0.21428571428571427,0.23076923076923078,12
0.057,0.06301862305840787,0.25,0.21428571428571427,0.23076923076923078,12
0.058,0.06587392710730418,0.25,0.21428571428571427,0.23076923076923078,12
0.059000000000000004,0.06872923115620047,0.25,0.21428571428571427,0.23076923076923078,12
0.060000000000000005,0.07158453520509678,0.25,0.21428571428571427,0.23076923076923078,12
0.061,0.0724632751508886,0.23076923076923078,0.21428571428571427,0.2222222222222222,13
0.062,0.07248882195864978,0.23076923076923078,0.21428571428571427,0.2222222222222222,13
0.063,0.07251436876641096,0.23076923076923078,0.21428571428571427,0.2222222222222222,13
0.064,0.07253991557417214,0.23076923076923078,0.21428571428571427,0.2222222222222222,13
0.065,0.07256546238193332,0.23076923076923078,0.21428571428571427,0.2222222222222222,13
0.066,0.07266810598095856,0.21428571428571427,0.21428571428571427,0.21428571428571427,14
0.067,0.07280814727723876,0.21428571428571427,0.21428571428571427,0.21428571428571427,14
0.068,0.07294818857351898,0.21428571428571427,0.21428571428571427,0.21428571428571427,14
0.069,0.0730882298697992,0.21428571428571427,0.21428571428571427,0.21428571428571427,14
0.07,0.0732282711660794,0.21428571428571427,0.21428571428571427,0.21428571428571427,14
0.07100000000000001,0.07402735041679068,0.2,0.21428571428571427,0.20689655172413793,15
0.07200000000000001,0.07518404716215447,0.2,0.21428571428571427,0.20689655172413793,15
0.07300000000000001,0.07634074390751827,0.2,0.21428571428571427,0.20689655172413793,15
0.074,0.07749744065288205,0.2,0.21428571428571427,0.20689655172413793,15
0.075,0.07865413739824585,0.2,0.21428571428571427,0.20689655172413793,15
0.076,0.07935128151133694,0.1875,0.21428571428571427,0.2,16
0.077,0.07977047040329532,0.1875,0.21428571428571427,0.2,16
0.078,0.0801896592952537,0.1875,0.21428571428571427,0.2,16
0.079,0.0806088481872121,0.1875,0.21428571428571427,0.2,16
0.08,0.08102803707917049,0.1875,0.21428571428571427,0.2,16
0.081,0.08134701372483652,0.17647058823529413,0.21428571428571427,0.1935483870967742,17
0.082,0.08159862079316314,0.17647058823529413,0.21428571428571427,0.1935483870967742,17
0.083,0.08185022786148977,0.17647058823529413,0.21428571428571427,0.1935483870967742,17
0.084,0.08210183492981639,0.17647058823529413,0.21428571428571427,0.1935483870967742,17
0.085,0.08235344199814301,0.17647058823529413,0.21428571428571427,0.1935483870967742,17
0.08600000000000001,0.08246307544425605,0.16666666666666666,0.21428571428571427,0.1875,18
0.08700000000000001,0.08246685136503439,0.16666666666666666,0.21428571428571427,0.1875,18
0.08800000000000001,0.08247062728581273,0.16666666666666666,0.21428571428571427,0.1875,18
0.089,0.08247440320659108,0.16666666666666666,0.21428571428571427,0.1875,18
0.09,0.08247817912736942,0.16666666666666666,0.21428571428571427,0.1875,18
0.091,0.0825413390716149,0.15789473684210525,0.21428571428571427,0.18181818181818182,19
0.092,0.08265353169578737,0.15789473684210525,0.21428571428571427,0.18181818181818182,19
0.093,0.08276572431995986,0.15789473684210525,0.21428571428571427,0.18181818181818182,19
0.094,0.08287791694413234,0.15789473684210525,0.21428571428571427,0.18181818181818182,19
0.095,0.08299010956830481,0.15789473684210525,0.21428571428571427,0.18181818181818182,19
0.096,0.08308671974582975,0.15,0.21428571428571427,0.17647058823529413,20
0.097,0.08316909595766704,0.15,0.21428571428571427,0.17647058823529413,20
0.098,0.08325147216950432,0.15,0.21428571428571427,0.17647058823529413,20
0.099,0.0833338483813416,0.15,0.21428571428571427,0.17647058823529413,20
0.1,0.08341622459317889,0.15,0.21428571428571427,0.17647058823529413,20
0.101,0.08374989794113645,0.14285714285714285,0.21428571428571427,0.17142857142857143,21
0.10200000000000001,0.08433740678012458,0.14285714285714285,0.21428571428571427,0.17142857142857143,21
0.10300000000000001,0.0849249156191127,0.14285714285714285,0.21428571428571427,0.17142857142857143,21
0.10400000000000001,0.08551242445810082,0.14285714285714285,0.21428571428571427,0.17142857142857143,21
0.10500000000000001,0.08609993329708895,0.14285714285714285,0.21428571428571427,0.17142857142857143,21
0.106,0.08657040696174254,0.13636363636363635,0.21428571428571427,0.16666666666666666,22
0.107,0.08691014984655436,0.13636363636363635,0.21428571428571427,0.16666666666666666,22
0.108,0.0872498927313662,0.13636363636363635,0.21428571428571427,0.16666666666666666,22
0.109,0.08758963561617802,0.13636363636363635,0.21428571428571427,0.16666666666666666,22
0.11,0.08792937850098985,0.13636363636363635,0.21428571428571427,0.16666666666666666,22
0.111,0.08863138735560415,0.13043478260869565,0.21428571428571427,0.16216216216216217,23
0.112,0.08978114066727774,0.13043478260869565,0.21428571428571427,0.16216216216216217,23
0.113,0.0909308939789513,0.13043478260869565,0.21428571428571427,0.16216216216216217,23
0.114,0.09208064729062485,0.13043478260869565,0.21428571428571427,0.16216216216216217,23
0.115,0.09323040060229841,0.13043478260869565,0.21428571428571427,0.16216216216216217,23
0.116,0.094522417041085,0.125,0.21428571428571427,0.15789473684210525,24
0.117,0.09600919847532388,0.125,0.21428571428571427,0.15789473684210525,24
0.11800000000000001,0.0974959799095628,0.125,0.21428571428571427,0.15789473684210525,24
0.11900000000000001,0.09898276134380168,0.125,0.21428571428571427,0.15789473684210525,24
0.12000000000000001,0.10046954277804063,0.125,0.21428571428571427,0.15789473684210525,24
0.121,0.1013856013403603,0.12,0.21428571428571427,0.15384615384615385,25
0.122,0.10143473908457493,0.12,0.21428571428571427,0.15384615384615385,25
0.123,0.10148387682878957,0.12,0.21428571428571427,0.15384615384615385,25
0.124,0.1015330145730042,0.12,0.21428571428571427,0.15384615384615385,25
0.125,0.10158215231721884,0.12,0.21428571428571427,0.15384615384615385,25
0.126,0.101791485334413,0.11538461538461539,0.21428571428571427,0.15,26
0.127,0.10227141847488333,0.11538461538461539,0.21428571428571427,0.15,26
0.128,0.10275135161535368,0.11538461538461539,0.21428571428571427,0.15,26
0.129,0.10323128475582402,0.11538461538461539,0.21428571428571427,0.15,26
0.13,0.10371121789629437,0.11538461538461539,0.21428571428571427,0.15,26
0.131,0.1041840354415794,0.1111111111111111,0.21428571428571427,0.14634146341463414,27
0.132,0.10464344679303703,0.1111111111111111,0.21428571428571427,0.14634146341463414,27
0.133,0.10510285814449467,0.1111111111111111,0.21428571428571427,0.14634146341463414,27
0.134,0.1055622694959523,0.1111111111111111,0.21428571428571427,0.14634146341463414,27
0.135,0.10602168084740993,0.1111111111111111,0.21428571428571427,0.14634146341463414,27
0.136,0.1063474579941686,0.10714285714285714,0.21428571428571427,0.14285714285714285,28
0.137,0.1063913504903904,0.10714285714285714,0.21428571428571427,0.14285714285714285,28
0.138,0.10643524298661221,0.10714285714285714,0.21428571428571427,0.14285714285714285,28
0.139,0.10647913548283401,0.10714285714285714,0.21428571428571427,0.14285714285714285,28
0.14,0.10652302797905581,0.10714285714285714,0.21428571428571427,0.14285714285714285,28
0.14100000000000001,0.10656647017096804,0.10344827586206896,0.21428571428571427,0.13953488372093023,29
0.14200000000000002,0.10660884384417962,0.10344827586206896,0.21428571428571427,0.13953488372093023,29
0.14300000000000002,0.10665121751739119,0.10344827586206896,0.21428571428571427,0.13953488372093023,29
0.14400000000000002,0.10669359119060277,0.10344827586206896,0.21428571428571427,0.13953488372093023,29
0.14500000000000002,0.10673596486381434,0.10344827586206896,0.21428571428571427,0.13953488372093023,29
0.146,0.10693761444870287,0.1,0.21428571428571427,0.13636363636363635,30
0.147,0.10756694935198322,0.1,0.21428571428571427,0.13636363636363635,30
0.148,0.10819628425526355,0.1,0.21428571428571427,0.13636363636363635,30
0.149,0.10882561915854391,0.1,0.21428571428571427,0.13636363636363635,30
0.15,0.10945495406182425,0.1,0.21428571428571427,0.13636363636363635,30
0.151,0.10999071285212944,0.0967741935483871,0.21428571428571427,0.13333333333333333,31
0.152,0.11024001415373519,0.0967741935483871,0.21428571428571427,0.13333333333333333,31
0.153,0.11048931545534095,0.0967741935483871,0.21428571428571427,0.13333333333333333,31
0.154,0.1107386167569467,0.0967741935483871,0.21428571428571427,0.13333333333333333,31
0.155,0.11098791805855246,0.0967741935483871,0.21428571428571427,0.13333333333333333,31
0.156,0.11147198058818011,0.09375,0.21428571428571427,0.13043478260869565,32
0.157,0.11278304289833947,0.09375,0.21428571428571427,0.13043478260869565,32
0.158,0.11409410520849884,0.09375,0.21428571428571427,0.13043478260869565,32
0.159,0.11540516751865822,0.09375,0.21428571428571427,0.13043478260869565,32
0.16,0.11671622982881757,0.09375,0.21428571428571427,0.13043478260869565,32
0.161,0.11782239606406038,0.09090909090909091,0.21428571428571427,0.1276595744680851,33
0.162,0.1180879630175942,0.09090909090909091,0.21428571428571427,0.1276595744680851,33
0.163,0.11835352997112802,0.09090909090909091,0.21428571428571427,0.1276595744680851,33
0.164,0.11861909692466185,0.09090909090909091,0.21428571428571427,0.1276595744680851,33
0.165,0.11888466387819566,0.09090909090909091,0.21428571428571427,0.1276595744680851,33
0.166,0.11914857590629978,0.08823529411764706,0.21428571428571427,0.125,34
0.167,0.11940445667864209,0.08823529411764706,0.21428571428571427,0.125,34
0.168,0.11966033745098444,0.08823529411764706,0.21428571428571427,0.125,34
0.169,0.11991621822332676,0.08823529411764706,0.21428571428571427,0.125,34
0.17,0.1201720989956691,0.08823529411764706,0.21428571428571427,0.125,34
0.171,0.12048769025582842,0.08571428571428572,0.21428571428571427,0.12244897959183673,35
0.17200000000000001,0.12115330851353569,0.08571428571428572,0.21428571428571427,0.12244897959183673,35
0.17300000000000001,0.1218189267712429,0.08571428571428572,0.21428571428571427,0.12244897959183673,35
0.17400000000000002,0.12248454502895015,0.08571428571428572,0.21428571428571427,0.12244897959183673,35
0.17500000000000002,0.12315016328665736,0.08571428571428572,0.21428571428571427,0.12244897959183673,35
0.17600000000000002,0.12381659901716055,0.08333333333333333,0.21428571428571427,0.12,36
0.177,0.12448899548680073,0.08333333333333333,0.21428571428571427,0.12,36
0.178,0.12516139195644094,0.08333333333333333,0.21428571428571427,0.12,36
0.179,0.1258337884260811,0.08333333333333333,0.21428571428571427,0.12,36
0.18,0.12650618489572127,0.08333333333333333,0.21428571428571427,0.12,36
0.181,0.12713917839385228,0.08108108108108109,0.21428571428571427,0.11764705882352941,37
0.182,0.12739888058294896,0.08108108108108109,0.21428571428571427,0.11764705882352941,37
0.183,0.12765858277204564,0.08108108108108109,0.21428571428571427,0.11764705882352941,37
0.184,0.1279182849611423,0.08108108108108109,0.21428571428571427,0.11764705882352941,37
0.185,0.12817798715023898,0.08108108108108109,0.21428571428571427,0.11764705882352941,37
0.186,0.12842068222614056,0.07894736842105263,0.21428571428571427,0.11538461538461539,38
0.187,0.12843864044910697,0.07894736842105263,0.21428571428571427,0.11538461538461539,38
0.188,0.1284565986720734,0.07894736842105263,0.21428571428571427,0.11538461538461539,38
0.189,0.1284745568950398,0.07894736842105263,0.21428571428571427,0.11538461538461539,38
0.19,0.12849251511800625,0.07894736842105263,0.21428571428571427,0.11538461538461539,38
0.191,0.12851448701317492,0.07692307692307693,0.21428571428571427,0.11320754716981132,39
0.192,0.1286211919881691,0.07692307692307693,0.21428571428571427,0.11320754716981132,39
0.193,0.12872789696316328,0.07692307692307693,0.21428571428571427,0.11320754716981132,39
0.194,0.12883460193815743,0.07692307692307693,0.21428571428571427,0.11320754716981132,39
0.195,0.12894130691315162,0.07692307692307693,0.21428571428571427,0.11320754716981132,39
0.196,0.1290466762520379,0.075,0.21428571428571427,0.1111111111111111,40
0.197,0.129086933330664,0.075,0.21428571428571427,0.1111111111111111,40
0.198,0.12912719040929013,0.075,0.21428571428571427,0.1111111111111111,40
0.199,0.12916744748791625,0.075,0.21428571428571427,0.1111111111111111,40
0.2,0.12920770456654238,0.075,0.21428571428571427,0.1111111111111111,40
0.201,0.1292479616451685,0.075,0.21428571428571427,0.1111111111111111,40
0.202,0.12925322264508915,0.07317073170731707,0.21428571428571427,0.10909090909090909,41
0.203,0.12925830689713755,0.07317073170731707,0.21428571428571427,0.10909090909090909,41
0.20400000000000001,0.12926339114918597,0.07317073170731707,0.21428571428571427,0.10909090909090909,41
0.20500000000000002,0.12926847540123437,0.07317073170731707,0.21428571428571427,0.10909090909090909,41
0.20600000000000002,0.12927355965328277,0.07317073170731707,0.21428571428571427,0.10909090909090909,41
0.20700000000000002,0.12932865512837474,0.07142857142857142,0.21428571428571427,0.10714285714285714,42
0.20800000000000002,0.12938530535651474,0.07142857142857142,0.21428571428571427,0.10714285714285714,42
0.20900000000000002,0.1294419555846547,0.07142857142857142,0.21428571428571427,0.10714285714285714,42
0.21,0.12949860581279468,0.07142857142857142,0.21428571428571427,0.10714285714285714,42
0.211,0.12955525604093465,0.07142857142857142,0.21428571428571427,0.10714285714285714,42
0.212,0.1299161744242837,0.06976744186046512,0.21428571428571427,0.10526315789473684,43
0.213,0.13029489573160774,0.06976744186046512,0.21428571428571427,0.10526315789473684,43
0.214,0.13067361703893177,0.06976744186046512,0.21428571428571427,0.10526315789473684,43
0.215,0.1310523383462558,0.06976744186046512,0.21428571428571427,0.10526315789473684,43
0.216,0.13143105965357985,0.06976744186046512,0.21428571428571427,0.10526315789473684,43
0.217,0.13166384865126954,0.06818181818181818,0.21428571428571427,0.10344827586206896,44
0.218,0.13188387853992015,0.06818181818181818,0.21428571428571427,0.10344827586206896,44
0.219,0.13210390842857073,0.06818181818181818,0.21428571428571427,0.10344827586206896,44
0.22,0.13232393831722136,0.06818181818181818,0.21428571428571427,0.10344827586206896,44
0.221,0.13254396820587194,0.06818181818181818,0.21428571428571427,0.10344827586206896,44
0.222,0.1325777661451119,0.06666666666666667,0.21428571428571427,0.1016949152542373,45
0.223,0.13258959289930902,0.06666666666666667,0.21428571428571427,0.1016949152542373,45
0.224,0.13260141965350614,0.06666666666666667,0.21428571428571427,0.1016949152542373,45
0.225,0.13261324640770328,0.06666666666666667,0.21428571428571427,0.1016949152542373,45
0.226,0.1326250731619004,0.06666666666666667,0.21428571428571427,0.1016949152542373,45
0.227,0.1330687679202213,0.06521739130434782,0.21428571428571427,0.1,46
0.228,0.13357736769650302,0.06521739130434782,0.21428571428571427,0.1,46
0.229,0.13408596747278476,0.06521739130434782,0.21428571428571427,0.1,46
0.23,0.13459456724906646,0.06521739130434782,0.21428571428571427,0.1,46
0.231,0.1351031670253482,0.06521739130434782,0.21428571428571427,0.1,46
0.232,0.13550203160917942,0.06382978723404255,0.21428571428571427,0.09836065573770492,47
0.233,0.1358806474372609,0.06382978723404255,0.21428571428571427,0.09836065573770492,47
0.234,0.13625926326534232,0.06382978723404255,0.21428571428571427,0.09836065573770492,47
0.23500000000000001,0.1366378790934238,0.06382978723404255,0.21428571428571427,0.09836065573770492,47
0.23600000000000002,0.13701649492150522,0.06382978723404255,0.21428571428571427,0.09836065573770492,47
0.23700000000000002,0.13716446947620142,0.0625,0.21428571428571427,0.0967741935483871,48
0.23800000000000002,0.13726150485395364,0.0625,0.21428571428571427,0.0967741935483871,48
0.23900000000000002,0.13735854023170585,0.0625,0.21428571428571427,0.0967741935483871,48
0.24000000000000002,0.13745557560945806,0.0625,0.21428571428571427,0.0967741935483871,48
0.241,0.13755261098721028,0.0625,0.21428571428571427,0.0967741935483871,48
0.242,0.13759293723984775,0.061224489795918366,0.21428571428571427,0.09523809523809523,49
0.243,0.1376185478334365,0.061224489795918366,0.21428571428571427,0.09523809523809523,49
0.244,0.1376441584270252,0.061224489795918366,0.21428571428571427,0.09523809523809523,49
0.245,0.13766976902061392,0.061224489795918366,0.21428571428571427,0.09523809523809523,49
0.246,0.13769537961420264,0.061224489795918366,0.21428571428571427,0.09523809523809523,49
0.247,0.13812854147347112,0.06,0.21428571428571427,0.09375,50
0.248,0.13868423508581973,0.06,0.21428571428571427,0.09375,50
0.249,0.1392399286981684,0.06,0.21428571428571427,0.09375,50
0.25,0.139795622310517,0.06,0.21428571428571427,0.09375,50
0.251,0.14035131592286565,0.06,0.21428571428571427,0.09375,50
0.252,0.14058952654306311,0.058823529411764705,0.21428571428571427,0.09230769230769231,51
0.253,0.14071833424028957,0.058823529411764705,0.21428571428571427,0.09230769230769231,51
0.254,0.14084714193751602,0.058823529411764705,0.21428571428571427,0.09230769230769231,51
0.255,0.14097594963474247,0.058823529411764705,0.21428571428571427,0.09230769230769231,51
0.256,0.14110475733196892,0.058823529411764705,0.21428571428571427,0.09230769230769231,51
0.257,0.1412155441072926,0.057692307692307696,0.21428571428571427,0.09090909090909091,52
0.258,0.1413192737383746,0.057692307692307696,0.21428571428571427,0.09090909090909091,52
0.259,0.14142300336945665,0.057692307692307696,0.21428571428571427,0.09090909090909091,52
0.26,0.14152673300053867,0.057692307692307696,0.21428571428571427,0.09090909090909091,52
0.261,0.14163046263162068,0.057692307692307696,0.21428571428571427,0.09090909090909091,52
0.262,0.14173483139301296,0.05660377358490566,0.21428571428571427,0.08955223880597014,53
0.263,0.1418394826685279,0.05660377358490566,0.21428571428571427,0.08955223880597014,53
0.264,0.1419441339440428,0.05660377358490566,0.21428571428571427,0.08955223880597014,53
0.265,0.14204878521955772,0.05660377358490566,0.21428571428571427,0.08955223880597014,53
0.266,0.14215343649507262,0.05660377358490566,0.21428571428571427,0.08955223880597014,53
0.267,0.1425886632904952,0.05555555555555555,0.21428571428571427,0.08823529411764706,54
0.268,0.1431879350807591,0.05555555555555555,0.21428571428571427,0.08823529411764706,54
0.269,0.14378720687102306,0.05555555555555555,0.21428571428571427,0.08823529411764706,54
0.27,0.14438647866128698,0.05555555555555555,0.21428571428571427,0.08823529411764706,54
0.271,0.1449857504515509,0.05555555555555555,0.21428571428571427,0.08823529411764706,54
0.272,0.14532487452933504,0.05454545454545454,0.21428571428571427,0.08695652173913043,55
0.273,0.14551969792285308,0.05454545454545454,0.21428571428571427,0.08695652173913043,55
0.274,0.14571452131637108,0.05454545454545454,0.21428571428571427,0.08695652173913043,55
0.275,0.14590934470988912,0.05454545454545454,0.21428571428571427,0.08695652173913043,55
0.276,0.14610416810340715,0.05454545454545454,0.21428571428571427,0.08695652173913043,55
0.277,0.14642684444656473,0.05357142857142857,0.21428571428571427,0.08571428571428572,56
0.278,0.1468285193602313,0.05357142857142857,0.21428571428571427,0.08571428571428572,56
0.279,0.14723019427389789,0.05357142857142857,0.21428571428571427,0.08571428571428572,56
0.28,0.14763186918756446,0.05357142857142857,0.21428571428571427,0.08571428571428572,56
0.281,0.14803354410123104,0.05357142857142857,0.21428571428571427,0.08571428571428572,56
0.28200000000000003,0.14824813308595922,0.05263157894736842,0.21428571428571427,0.08450704225352113,57
0.28300000000000003,0.14833429867878903,0.05263157894736842,0.21428571428571427,0.08450704225352113,57
0.28400000000000003,0.1484204642716188,0.05263157894736842,0.21428571428571427,0.08450704225352113,57
0.28500000000000003,0.14850662986444862,0.05263157894736842,0.21428571428571427,0.08450704225352113,57
0.28600000000000003,0.1485927954572784,0.05263157894736842,0.21428571428571427,0.08450704225352113,57
0.28700000000000003,0.14867728083799536,0.05172413793103448,0.21428571428571427,0.08333333333333333,58
0.28800000000000003,0.1487604874732105,0.05172413793103448,0.21428571428571427,0.08333333333333333,58
0.28900000000000003,0.14884369410842563,0.05172413793103448,0.21428571428571427,0.08333333333333333,58
0.29,0.14892690074364073,0.05172413793103448,0.21428571428571427,0.08333333333333333,58
0.291,0.14901010737885587,0.05172413793103448,0.21428571428571427,0.08333333333333333,58
0.292,0.14915429147594245,0.05084745762711865,0.21428571428571427,0.0821917808219178,59
0.293,0.149349854730717,0.05084745762711865,0.21428571428571427,0.0821917808219178,59
0.294,0.14954541798549154,0.05084745762711865,0.21428571428571427,0.0821917808219178,59
0.295,0.14974098124026608,0.05084745762711865,0.21428571428571427,0.0821917808219178,59
0.296,0.14993654449504062,0.05084745762711865,0.21428571428571427,0.0821917808219178,59
0.297,0.1500916556728743,0.05,0.21428571428571427,0.08108108108108109,60
0.298,0.15020906394404465,0.05,0.21428571428571427,0.08108108108108109,60
0.299,0.15032647221521497,0.05,0.21428571428571427,0.08108108108108109,60
0.3,0.1504438804863853,0.05,0.21428571428571427,0.08108108108108109,60
0.301,0.15056128875755564,0.05,0.21428571428571427,0.08108108108108109,60
0.302,0.15069419020497724,0.04918032786885246,0.21428571428571427,0.08,61
0.303,0.1508430591095558,0.04918032786885246,0.21428571428571427,0.08,61
0.304,0.15099192801413436,0.04918032786885246,0.21428571428571427,0.08,61
0.305,0.15114079691871293,0.04918032786885246,0.21428571428571427,0.08,61
0.306,0.15128966582329148,0.04918032786885246,0.21428571428571427,0.08,61
0.307,0.15147080195843635,0.04838709677419355,0.21428571428571427,0.07894736842105263,62
0.308,0.1516887157972374,0.04838709677419355,0.21428571428571427,0.07894736842105263,62
0.309,0.15190662963603843,0.04838709677419355,0.21428571428571427,0.07894736842105263,62
0.31,0.15212454347483947,0.04838709677419355,0.21428571428571427,0.07894736842105263,62
0.311,0.15234245731364052,0.04838709677419355,0.21428571428571427,0.07894736842105263,62
0.312,0.15251564324205252,0.06349206349206349,0.2857142857142857,0.1038961038961039,63
0.313,0.15263241101076924,0.06349206349206349,0.2857142857142857,0.1038961038961039,63
0.314,0.152749178779486,0.06349206349206349,0.2857142857142857,0.1038961038961039,63
0.315,0.15286594654820274,0.06349206349206349,0.2857142857142857,0.1038961038961039,63
0.316,0.15298271431691945,0.06349206349206349,0.2857142857142857,0.1038961038961039,63
0.317,0.15312356210306297,0.0625,0.2857142857142857,0.10256410256410256,64
0.318,0.1532980638894656,0.0625,0.2857142857142857,0.10256410256410256,64
0.319,0.15347256567586823,0.0625,0.2857142857142857,0.10256410256410256,64
0.32,0.15364706746227086,0.0625,0.2857142857142857,0.10256410256410256,64
0.321,0.15382156924867352,0.0625,0.2857142857142857,0.10256410256410256,64
0.322,0.15395109780144103,0.06153846153846154,0.2857142857142857,0.10126582278481013,65
0.323,0.15401086018408236,0.06153846153846154,0.2857142857142857,0.10126582278481013,65
0.324,0.15407062256672363,0.06153846153846154,0.2857142857142857,0.10126582278481013,65
0.325,0.15413038494936493,0.06153846153846154,0.2857142857142857,0.10126582278481013,65
0.326,0.15419014733200626,0.06153846153846154,0.2857142857142857,0.10126582278481013,65
0.327,0.15424544292586748,0.06060606060606061,0.2857142857142857,0.1,66
0.328,0.15429302871991657,0.06060606060606061,0.2857142857142857,0.1,66
0.329,0.15434061451396566,0.06060606060606061,0.2857142857142857,0.1,66
0.33,0.15438820030801476,0.06060606060606061,0.2857142857142857,0.1,66
0.331,0.15443578610206385,0.06060606060606061,0.2857142857142857,0.1,66
0.332,0.15450366568468638,0.05970149253731343,0.2857142857142857,0.09876543209876543,67
0.333,0.15461064065411947,0.05970149253731343,0.2857142857142857,0.09876543209876543,67
0.334,0.15471761562355257,0.05970149253731343,0.2857142857142857,0.09876543209876543,67
0.335,0.15482459059298567,0.05970149253731343,0.2857142857142857,0.09876543209876543,67
0.336,0.15493156556241877,0.05970149253731343,0.2857142857142857,0.09876543209876543,67
0.337,0.1550229326154614,0.07352941176470588,0.35714285714285715,0.12195121951219512,68
0.338,0.155080606388677,0.07352941176470588,0.35714285714285715,0.12195121951219512,68
0.339,0.15513828016189257,0.07352941176470588,0.35714285714285715,0.12195121951219512,68
0.34,0.15519595393510816,0.07352941176470588,0.35714285714285715,0.12195121951219512,68
0.341,0.15525362770832374,0.07352941176470588,0.35714285714285715,0.12195121951219512,68
0.342,0.15537002644550144,0.07246376811594203,0.35714285714285715,0.12048192771084337,69
0.343,0.1556291875950698,0.07246376811594203,0.35714285714285715,0.12048192771084337,69
0.34400000000000003,0.1558883487446382,0.07246376811594203,0.35714285714285715,0.12048192771084337,69
0.34500000000000003,0.15614750989420653,0.07246376811594203,0.35714285714285715,0.12048192771084337,69
0.34600000000000003,0.1564066710437749,0.07246376811594203,0.35714285714285715,0.12048192771084337,69
0.34700000000000003,0.1566210955204429,0.07142857142857142,0.35714285714285715,0.11904761904761904,70
0.34800000000000003,0.1567122831245929,0.07142857142857142,0.35714285714285715,0.11904761904761904,70
0.34900000000000003,0.1568034707287429,0.07142857142857142,0.35714285714285715,0.11904761904761904,70
0.35000000000000003,0.15689465833289287,0.07142857142857142,0.35714285714285715,0.11904761904761904,70
0.35100000000000003,0.15698584593704287,0.07142857142857142,0.35714285714285715,0.11904761904761904,70
0.35200000000000004,0.1571000270005476,0.07042253521126761,0.35714285714285715,0.11764705882352941,71
0.353,0.15728654165493902,0.07042253521126761,0.35714285714285715,0.11764705882352941,71
0.354,0.15747305630933042,0.07042253521126761,0.35714285714285715,0.11764705882352941,71
0.355,0.15765957096372185,0.07042253521126761,0.35714285714285715,0.11764705882352941,71
0.356,0.15784608561811328,0.07042253521126761,0.35714285714285715,0.11764705882352941,71
0.357,0.1579960468402997,0.06944444444444445,0.35714285714285715,0.11627906976744186,72
0.358,0.15801339561076572,0.06944444444444445,0.35714285714285715,0.11627906976744186,72
0.359,0.15803074438123174,0.06944444444444445,0.35714285714285715,0.11627906976744186,72
0.36,0.1580480931516978,0.06944444444444445,0.35714285714285715,0.11627906976744186,72
0.361,0.15806544192216382,0.06944444444444445,0.35714285714285715,0.11627906976744186,72
0.362,0.15808027579555795,0.0684931506849315,0.35714285714285715,0.11494252873563218,73
0.363,0.1580844544471475,0.0684931506849315,0.35714285714285715,0.11494252873563218,73
0.364,0.15808863309873705,0.0684931506849315,0.35714285714285715,0.11494252873563218,73
0.365,0.1580928117503266,0.0684931506849315,0.35714285714285715,0.11494252873563218,73
0.366,0.15809699040191616,0.0684931506849315,0.35714285714285715,0.11494252873563218,73
0.367,0.1581030322778307,0.06756756756756757,0.35714285714285715,0.11363636363636363,74
0.368,0.15811844673671346,0.06756756756756757,0.35714285714285715,0.11363636363636363,74
0.369,0.15813386119559622,0.06756756756756757,0.35714285714285715,0.11363636363636363,74
0.37,0.15814927565447898,0.06756756756756757,0.35714285714285715,0.11363636363636363,74
0.371,0.15816469011336173,0.06756756756756757,0.35714285714285715,0.11363636363636363,74
0.372,0.1581842630661064,0.06666666666666667,0.35714285714285715,0.11235955056179775,75
0.373,0.15822923253493643,0.06666666666666667,0.35714285714285715,0.11235955056179775,75
0.374,0.15827420200376643,0.06666666666666667,0.35714285714285715,0.11235955056179775,75
0.375,0.15831917147259644,0.06666666666666667,0.35714285714285715,0.11235955056179775,75
0.376,0.15836414094142648,0.06666666666666667,0.35714285714285715,0.11235955056179775,75
0.377,0.15843116546357403,0.06578947368421052,0.35714285714285715,0.1111111111111111,76
0.378,0.1586669590893688,0.06578947368421052,0.35714285714285715,0.1111111111111111,76
0.379,0.15890275271516358,0.06578947368421052,0.35714285714285715,0.1111111111111111,76
0.38,0.15913854634095834,0.06578947368421052,0.35714285714285715,0.1111111111111111,76
0.381,0.1593743399667531,0.06578947368421052,0.35714285714285715,0.1111111111111111,76
0.382,0.15959843390424638,0.07792207792207792,0.42857142857142855,0.13186813186813187,77
0.383,0.15970488097604166,0.07792207792207792,0.42857142857142855,0.13186813186813187,77
0.384,0.1598113280478369,0.07792207792207792,0.42857142857142855,0.13186813186813187,77
0.385,0.15991777511963218,0.07792207792207792,0.42857142857142855,0.13186813186813187,77
0.386,0.16002422219142745,0.07792207792207792,0.42857142857142855,0.13186813186813187,77
0.387,0.16013175921563674,0.07692307692307693,0.42857142857142855,0.13043478260869565,78
0.388,0.16025489094361609,0.07692307692307693,0.42857142857142855,0.13043478260869565,78
0.389,0.1603780226715954,0.07692307692307693,0.42857142857142855,0.13043478260869565,78
0.39,0.16050115439957474,0.07692307692307693,0.42857142857142855,0.13043478260869565,78
0.391,0.16062428612755408,0.07692307692307693,0.42857142857142855,0.13043478260869565,78
0.392,0.1607436747860476,0.0759493670886076,0.42857142857142855,0.12903225806451613,79
0.393,0.16077369766056665,0.0759493670886076,0.42857142857142855,0.12903225806451613,79
0.394,0.16080372053508568,0.0759493670886076,0.42857142857142855,0.12903225806451613,79
0.395,0.16083374340960474,0.0759493670886076,0.42857142857142855,0.12903225806451613,79
0.396,0.1608637662841238,0.0759493670886076,0.42857142857142855,0.12903225806451613,79
0.397,0.16089349335330844,0.075,0.42857142857142855,0.1276595744680851,80
0.398,0.16090389447397757,0.075,0.42857142857142855,0.1276595744680851,80
0.399,0.16091429559464673,0.075,0.42857142857142855,0.1276595744680851,80
0.4,0.16092469671531587,0.075,0.42857142857142855,0.1276595744680851,80
0.401,0.160935097835985,0.075,0.42857142857142855,0.1276595744680851,80
0.402,0.16094549895665414,0.075,0.42857142857142855,0.1276595744680851,80
0.403,0.16111324546424957,0.07407407407407407,0.42857142857142855,0.12631578947368421,81
0.404,0.1612825893869407,0.07407407407407407,0.42857142857142855,0.12631578947368421,81
0.405,0.16145193330963178,0.07407407407407407,0.42857142857142855,0.12631578947368421,81
0.406,0.16162127723232292,0.07407407407407407,0.42857142857142855,0.12631578947368421,81
0.40700000000000003,0.16179062115501402,0.07407407407407407,0.42857142857142855,0.12631578947368421,81
0.40800000000000003,0.1618551288044505,0.07317073170731707,0.42857142857142855,0.125,82
0.40900000000000003,0.16191581429809124,0.07317073170731707,0.42857142857142855,0.125,82
0.41000000000000003,0.16197649979173195,0.07317073170731707,0.42857142857142855,0.125,82
0.41100000000000003,0.1620371852853727,0.07317073170731707,0.42857142857142855,0.125,82
0.41200000000000003,0.16209787077901341,0.07317073170731707,0.42857142857142855,0.125,82
0.41300000000000003,0.16216904408244753,0.07228915662650602,0.42857142857142855,0.12371134020618557,83
0.41400000000000003,0.16224089040041384,0.07228915662650602,0.42857142857142855,0.12371134020618557,83
0.41500000000000004,0.16231273671838015,0.07228915662650602,0.42857142857142855,0.12371134020618557,83
0.41600000000000004,0.16238458303634645,0.07228915662650602,0.42857142857142855,0.12371134020618557,83
0.41700000000000004,0.16245642935431276,0.07228915662650602,0.42857142857142855,0.12371134020618557,83
0.418,0.16252130790580727,0.07142857142857142,0.42857142857142855,0.12244897959183673,84
0.419,0.16258553562197198,0.07142857142857142,0.42857142857142855,0.12244897959183673,84
0.42,0.16264976333813672,0.07142857142857142,0.42857142857142855,0.12244897959183673,84
0.421,0.16271399105430145,0.07142857142857142,0.42857142857142855,0.12244897959183673,84
0.422,0.16277821877046617,0.07142857142857142,0.42857142857142855,0.12244897959183673,84
0.423,0.16279550441828666,0.07058823529411765,0.42857142857142855,0.12121212121212122,85
0.424,0.16280695545874235,0.07058823529411765,0.42857142857142855,0.12121212121212122,85
0.425,0.16281840649919802,0.07058823529411765,0.42857142857142855,0.12121212121212122,85
0.426,0.1628298575396537,0.07058823529411765,0.42857142857142855,0.12121212121212122,85
0.427,0.1628413085801094,0.07058823529411765,0.42857142857142855,0.12121212121212122,85
0.428,0.1629533825374616,0.06976744186046512,0.42857142857142855,0.12,86
0.429,0.1630812519526988,0.06976744186046512,0.42857142857142855,0.12,86
0.43,0.16320912136793594,0.06976744186046512,0.42857142857142855,0.12,86
0.431,0.1633369907831731,0.06976744186046512,0.42857142857142855,0.12,86
0.432,0.16346486019841025,0.06976744186046512,0.42857142857142855,0.12,86
0.433,0.16364856418705695,0.06896551724137931,0.42857142857142855,0.1188118811881188,87
0.434,0.16384296701611745,0.06896551724137931,0.42857142857142855,0.1188118811881188,87
0.435,0.16403736984517792,0.06896551724137931,0.42857142857142855,0.1188118811881188,87
0.436,0.1642317726742384,0.06896551724137931,0.42857142857142855,0.1188118811881188,87
0.437,0.1644261755032989,0.06896551724137931,0.42857142857142855,0.1188118811881188,87
0.438,0.16448948984068434,0.06818181818181818,0.42857142857142855,0.11764705882352941,88
0.439,0.1645228642139218,0.06818181818181818,0.42857142857142855,0.11764705882352941,88
0.44,0.1645562385871592,0.06818181818181818,0.42857142857142855,0.11764705882352941,88
0.441,0.16458961296039665,0.06818181818181818,0.42857142857142855,0.11764705882352941,88
0.442,0.1646229873336341,0.06818181818181818,0.42857142857142855,0.11764705882352941,88
0.443,0.16465719454910313,0.06741573033707865,0.42857142857142855,0.11650485436893204,89
0.444,0.16469162456313094,0.06741573033707865,0.42857142857142855,0.11650485436893204,89
0.445,0.16472605457715878,0.06741573033707865,0.42857142857142855,0.11650485436893204,89
0.446,0.16476048459118658,0.06741573033707865,0.42857142857142855,0.11650485436893204,89
0.447,0.1647949146052144,0.06741573033707865,0.42857142857142855,0.11650485436893204,89
0.448,0.16482072536049158,0.06666666666666667,0.42857142857142855,0.11538461538461539,90
0.449,0.164843870950234,0.06666666666666667,0.42857142857142855,0.11538461538461539,90
0.45,0.16486701653997643,0.06666666666666667,0.42857142857142855,0.11538461538461539,90
0.451,0.16489016212971885,0.06666666666666667,0.42857142857142855,0.11538461538461539,90
0.452,0.1649133077194613,0.06666666666666667,0.42857142857142855,0.11538461538461539,90
0.453,0.1652283684895882,0.06593406593406594,0.42857142857142855,0.11428571428571428,91
0.454,0.16564669177250402,0.06593406593406594,0.42857142857142855,0.11428571428571428,91
0.455,0.16606501505541993,0.06593406593406594,0.42857142857142855,0.11428571428571428,91
0.456,0.1664833383383358,0.06593406593406594,0.42857142857142855,0.11428571428571428,91
0.457,0.1669016616212517,0.06593406593406594,0.42857142857142855,0.11428571428571428,91
0.458,0.16707090304896421,0.06521739130434782,0.42857142857142855,0.11320754716981132,92
0.459,0.16714016091508097,0.06521739130434782,0.42857142857142855,0.11320754716981132,92
0.46,0.16720941878119774,0.06521739130434782,0.42857142857142855,0.11320754716981132,92
0.461,0.16727867664731452,0.06521739130434782,0.42857142857142855,0.11320754716981132,92
0.462,0.1673479345134313,0.06521739130434782,0.42857142857142855,0.11320754716981132,92
0.463,0.16743037908544436,0.06451612903225806,0.42857142857142855,0.11214953271028037,93
0.464,0.16751879136377548,0.06451612903225806,0.42857142857142855,0.11214953271028037,93
0.465,0.16760720364210657,0.06451612903225806,0.42857142857142855,0.11214953271028037,93
0.466,0.1676956159204377,0.06451612903225806,0.42857142857142855,0.11214953271028037,93
0.467,0.16778402819876878,0.06451612903225806,0.42857142857142855,0.11214953271028037,93
0.468,0.1680392060615418,0.06382978723404255,0.42857142857142855,0.1111111111111111,94
0.46900000000000003,0.16837903009217547,0.06382978723404255,0.42857142857142855,0.1111111111111111,94
0.47000000000000003,0.1687188541228091,0.06382978723404255,0.42857142857142855,0.1111111111111111,94
0.47100000000000003,0.16905867815344275,0.06382978723404255,0.42857142857142855,0.1111111111111111,94
0.47200000000000003,0.16939850218407643,0.06382978723404255,0.42857142857142855,0.1111111111111111,94
0.47300000000000003,0.16960340880719052,0.06315789473684211,0.42857142857142855,0.11009174311926606,95
0.47400000000000003,0.1697318268213171,0.06315789473684211,0.42857142857142855,0.11009174311926606,95
0.47500000000000003,0.1698602448354437,0.06315789473684211,0.42857142857142855,0.11009174311926606,95
0.47600000000000003,0.16998866284957032,0.06315789473684211,0.42857142857142855,0.11009174311926606,95
0.47700000000000004,0.17011708086369692,0.06315789473684211,0.42857142857142855,0.11009174311926606,95
0.47800000000000004,0.17018355110573316,0.0625,0.42857142857142855,0.10909090909090909,96
0.47900000000000004,0.17021092316374514,0.0625,0.42857142857142855,0.10909090909090909,96
0.48000000000000004,0.17023829522175715,0.0625,0.42857142857142855,0.10909090909090909,96
0.481,0.17026566727976913,0.0625,0.42857142857142855,0.10909090909090909,96
0.482,0.17029303933778112,0.0625,0.42857142857142855,0.10909090909090909,96
0.483,0.1704616291526012,0.061855670103092786,0.42857142857142855,0.10810810810810811,97
0.484,0.17072919209612444,0.061855670103092786,0.42857142857142855,0.10810810810810811,97
0.485,0.17099675503964767,0.061855670103092786,0.42857142857142855,0.10810810810810811,97
0.486,0.1712643179831709,0.061855670103092786,0.42857142857142855,0.10810810810810811,97
0.487,0.17153188092669414,0.061855670103092786,0.42857142857142855,0.10810810810810811,97
0.488,0.17183447390921477,0.061224489795918366,0.42857142857142855,0.10714285714285714,98
0.489,0.17216427772559945,0.061224489795918366,0.42857142857142855,0.10714285714285714,98
0.49,0.17249408154198415,0.061224489795918366,0.42857142857142855,0.10714285714285714,98
0.491,0.17282388535836885,0.061224489795918366,0.42857142857142855,0.10714285714285714,98
0.492,0.17315368917475354,0.061224489795918366,0.42857142857142855,0.10714285714285714,98
0.493,0.17332906610767965,0.06060606060606061,0.42857142857142855,0.10619469026548672,99
0.494,0.17337166478566943,0.06060606060606061,0.42857142857142855,0.10619469026548672,99
0.495,0.1734142634636592,0.06060606060606061,0.42857142857142855,0.10619469026548672,99
0.496,0.173456862141649,0.06060606060606061,0.42857142857142855,0.10619469026548672,99
0.497,0.17349946081963877,0.06060606060606061,0.42857142857142855,0.10619469026548672,99
0.498,0.173572614880625,0.06,0.42857142857142855,0.10526315789473684,100
0.499,0.17367482651171573,0.06,0.42857142857142855,0.10526315789473684,100
0.5,0.17377703814280643,0.06,0.42857142857142855,0.10526315789473684,100
