user,gt_label,total_logins,unique_days,after_hours,unique_machines,usb_count,usb_days,employee_name,user_id,O,C,E,A,N,anomaly_score,anomaly_label,y_true,y_pred
AAE0190,0,37,19,0,1,0.0,0.0,August Armando Evans,AAE0190,36,30,14,50,29,0.140927767631975,0,0,0
AAF0535,1,37,19,0,1,0.0,0.0,Athena Amelia Foreman,AAF0535,17,21,36,33,31,0.180932111103317,0,1,0
AAF0791,0,37,19,0,1,0.0,0.0,Aladdin Abraham Foley,AAF0791,14,40,40,50,34,0.1129483281124986,0,0,0
AAL0706,0,37,19,19,1,0.0,0.0,April Alika Levy,AAL0706,37,14,28,13,25,0.1557487136333721,0,0,0
AAM0658,1,37,19,18,1,0.0,0.0,Abel Adam Morton,AAM0658,43,35,37,36,22,0.1864872201247391,0,1,0
AAN0823,0,37,19,18,1,0.0,0.0,Anthony Aidan Nixon,AAN0823,24,16,45,24,28,0.1798818719664637,0,0,0
AAS0442,0,53,19,10,1,0.0,0.0,Amal Alexander Shelton,AAS0442,36,43,22,22,31,0.1948361255873007,0,0,0
AAV0450,0,37,19,7,1,0.0,0.0,Aspen Amber Vinson,AAV0450,44,24,36,41,33,0.1805752031300214,0,0,0
AAW0353,0,37,19,11,1,0.0,0.0,Armando Albert Walter,AAW0353,49,45,19,25,34,0.159698022700813,0,0,0
ABC0174,1,64,23,23,1,0.0,0.0,Allegra Bree Coffey,ABC0174,15,41,34,13,32,0.0533560161114768,0,1,0
ABC0253,0,51,19,19,1,0.0,0.0,Alec Boris Chase,ABC0253,21,15,41,30,28,0.1662798932989492,0,0,0
ABH0663,0,37,19,19,1,0.0,0.0,Alan Benjamin Holder,ABH0663,47,49,41,11,34,0.119473476379719,0,0,0
ABM0845,0,52,19,18,2,0.0,0.0,Ariel Bertha Murphy,ABM0845,45,21,35,50,29,0.1370236806019193,0,0,0
ABN0239,0,51,19,12,1,0.0,0.0,Amaya Britanni Newton,ABN0239,21,37,20,39,25,0.1792748717247334,0,0,0
ACC0042,0,144,19,108,53,0.0,0.0,Alfonso Colin Cooley,ACC0042,23,19,37,20,31,-0.0572622468143155,1,0,1
ACV0812,0,75,20,44,2,0.0,0.0,Alden Caesar Velez,ACV0812,42,37,12,45,28,0.0523684053103535,0,0,0
ADC0391,0,50,19,24,1,0.0,0.0,Axel Donovan Compton,ADC0391,50,43,40,33,38,0.1223369816958488,0,0,0
ADD0846,0,37,19,18,1,0.0,0.0,Aretha Dorothy Deleon,ADD0846,18,19,25,12,35,0.1622586546213578,0,0,0
ADF0397,0,37,19,21,1,0.0,0.0,Ariana Doris Frazier,ADF0397,39,16,10,40,35,0.1202342589004059,0,0,0
AES0827,0,37,19,18,1,0.0,0.0,Addison Edward Snyder,AES0827,39,40,34,38,23,0.1931968641736693,0,0,0
AGB0186,0,37,19,19,1,0.0,0.0,Alfonso Gage Blankenship,AGB0186,18,10,41,15,35,0.1358251163886463,0,0,0
AGB0643,0,37,19,18,1,0.0,0.0,Armand Gabriel Brewer,AGB0643,32,39,20,44,27,0.18830129848191,0,0,0
AHC0142,0,63,21,21,2,0.0,0.0,Azalia Halee Cantu,AHC0142,34,23,40,15,26,0.1036700025897993,0,0,0
AHD0848,0,60,21,22,3,0.0,0.0,Aladdin Hu Day,AHD0848,24,30,49,16,30,0.063303293145617,0,0,0
AHG0634,0,55,19,18,2,0.0,0.0,Amir Hayden Gray,AHG0634,31,36,42,41,27,0.1665247400486765,0,0,0
AHM0410,0,64,19,12,3,0.0,0.0,Addison Hiram Morrow,AHM0410,34,43,15,18,26,0.1339153219381816,0,0,0
AIB0948,0,69,19,27,4,0.0,0.0,Ariel Ina Barrett,AIB0948,42,31,27,20,31,0.1037138568172194,0,0,0
AIH0675,0,38,19,12,1,0.0,0.0,Aline Iris Hurst,AIH0675,25,39,38,40,37,0.1700671677937396,0,0,0
AIM0627,0,37,19,9,1,0.0,0.0,Adam Ishmael Mcdaniel,AIM0627,36,39,16,41,23,0.1756165951252969,0,0,0
AIP0394,0,51,19,26,1,0.0,0.0,Anika Isabella Pennington,AIP0394,17,16,38,14,26,0.1295885713124555,0,0,0
AIP0982,0,50,19,19,1,0.0,0.0,Althea Ina Palmer,AIP0982,43,20,43,41,33,0.168205350253576,0,0,0
AIS0405,0,37,19,26,1,0.0,0.0,Amaya Iola Sawyer,AIS0405,40,45,14,37,35,0.1404613325404519,0,0,0
AJC0840,0,37,19,18,1,0.0,0.0,Anne Jane Carey,AJC0840,14,24,19,33,37,0.1536100656684162,0,0,0
AJD0074,0,66,21,23,2,0.0,0.0,Alden Jesse Day,AJD0074,19,37,45,22,34,0.0828895468928234,0,0,0
AJF0370,0,187,21,107,66,0.0,0.0,Arthur John Floyd,AJF0370,37,33,11,15,36,-0.1133908656848575,1,0,1
AJH0175,0,46,20,27,1,0.0,0.0,Aurora Jael Hopkins,AJH0175,19,19,16,33,37,0.0991664624990689,0,0,0
AJL0462,0,53,19,12,1,0.0,0.0,Akeem Jerry Lopez,AJL0462,16,24,44,31,28,0.1565574751638357,0,0,0
AJN0607,0,66,19,11,2,0.0,0.0,Armand Jasper Nicholson,AJN0607,45,42,16,47,23,0.1150334356329457,0,0,0
AJP0723,0,37,19,19,1,0.0,0.0,Ann Jolie Potts,AJP0723,24,29,17,12,29,0.1766175399862646,0,0,0
AJR0319,0,69,25,25,1,0.0,0.0,Arthur Jacob Raymond,AJR0319,40,13,37,16,24,0.0278860665266571,0,0,0
AJR0932,1,38,19,19,1,0.0,0.0,Amal Judah Rich,AJR0932,46,30,35,12,29,0.178613061413204,0,1,0
AKC0924,0,37,19,18,1,0.0,0.0,Amena Karyn Christian,AKC0924,40,44,35,37,27,0.2000940099658937,0,0,0
AKF0709,0,37,19,19,1,0.0,0.0,Amity Kendall Foley,AKF0709,42,31,29,22,32,0.1957620372420976,0,0,0
AKH0758,0,37,19,0,1,0.0,0.0,Adam Kendall Harrell,AKH0758,24,38,40,37,27,0.1804606646204891,0,0,0
AKK0329,0,37,19,19,1,0.0,0.0,Anastasia Kylan Kaufman,AKK0329,45,22,25,39,22,0.1710610107172142,0,0,0
AKR0057,1,51,19,24,2,0.0,0.0,Aurora Katell Rhodes,AKR0057,50,41,20,18,30,0.1439065140442036,0,1,0
AKW0167,0,38,19,19,1,0.0,0.0,Arsenio Kato Wilder,AKW0167,38,38,20,14,35,0.1731811060079336,0,0,0
ALB0892,0,51,26,0,1,0.0,0.0,Arthur Lucian Bonner,ALB0892,25,19,44,22,30,0.0471759468008631,0,0,0
ALC0788,0,37,19,18,1,0.0,0.0,Amy Lucy Chen,ALC0788,34,18,15,36,35,0.1735301314463749,0,0,0
ALD0529,0,53,19,0,1,0.0,0.0,Alma Leila Duncan,ALD0529,35,21,19,21,27,0.1738748726043892,0,0,0
ALD0544,0,37,19,11,1,0.0,0.0,Ayanna Leandra Dunlap,ALD0544,16,18,18,13,32,0.1657430624268897,0,0,0
ALH0402,0,37,19,25,1,0.0,0.0,Adena Lisandra Hardin,ALH0402,43,23,43,46,32,0.1395135820901993,0,0,0
AMD0077,0,38,19,19,1,0.0,0.0,Ainsley MacKensie Doyle,AMD0077,23,19,12,25,25,0.1617852064302625,0,0,0
AMH0464,0,37,19,11,1,0.0,0.0,Alfreda Morgan Holloway,AMH0464,45,16,42,37,21,0.1388364828015981,0,0,0
AMH0794,0,37,19,0,1,0.0,0.0,Ali Murphy Hurley,AMH0794,43,42,33,40,31,0.1894531372830666,0,0,0
AMJ0297,0,37,19,0,1,0.0,0.0,Albert Mohammad Joseph,AMJ0297,16,43,50,18,28,0.1292153970705203,0,0,0
AMM0014,0,37,19,19,1,0.0,0.0,Alec Mannix Mcneil,AMM0014,48,38,15,44,36,0.1504579752930023,0,0,0
AMR0318,0,58,19,25,1,0.0,0.0,Axel Malik Rosa,AMR0318,45,50,17,25,21,0.1044705746534719,0,0,0
AMR0400,0,37,19,23,1,0.0,0.0,Aurelia Martina Reese,AMR0400,19,16,47,28,28,0.1459481602894095,0,0,0
AMV0036,0,38,19,19,1,0.0,0.0,Aquila Mark Vega,AMV0036,43,36,42,37,26,0.1905550287509426,0,0,0
AMW0392,0,72,25,27,1,0.0,0.0,Alea Maggie Whitfield,AMW0392,47,47,22,44,26,0.0232480627463832,0,0,0
ANM0123,0,61,19,18,2,0.0,0.0,Astra Nicole Maldonado,ANM0123,22,15,16,21,26,0.1364087734283494,0,0,0
ANP0555,0,37,19,12,1,0.0,0.0,Alexa Nadine Poole,ANP0555,13,40,42,23,28,0.1695113771243912,0,0,0
ANT0430,0,52,19,9,1,0.0,0.0,Amaya Noelle Terrell,ANT0430,12,19,23,48,31,0.1315798209979771,0,0,0
AOB0019,0,37,19,12,1,0.0,0.0,Azalia Orli Beach,AOB0019,11,17,13,24,28,0.1437129050812763,0,0,0
AOK0844,0,77,27,28,2,0.0,0.0,Armand Odysseus Key,AOK0844,11,30,44,26,31,-0.019430921808459,1,0,1
AOS0987,0,64,19,0,2,0.0,0.0,Alice Orli Stout,AOS0987,16,32,40,30,27,0.125249074596604,0,0,0
APG0307,0,37,19,0,1,0.0,0.0,Aaron Porter Gutierrez,APG0307,43,39,36,43,22,0.1620966854396239,0,0,0
AQD0820,0,37,19,18,1,0.0,0.0,Akeem Quamar Davenport,AQD0820,41,31,27,24,39,0.169893353503556,0,0,0
ARA0252,0,51,19,9,1,0.0,0.0,Alexander Rafael Arnold,ARA0252,39,39,27,21,35,0.1828546984881183,0,0,0
ARB0834,0,37,19,18,1,0.0,0.0,Amelia Rhoda Burgess,ARB0834,40,42,40,49,26,0.1689930427980828,0,0,0
ARB0881,0,37,19,0,1,0.0,0.0,Abel Reese Boone,ARB0881,38,46,43,10,35,0.1218205970897124,0,0,0
ARD0509,0,37,19,0,1,0.0,0.0,Abdul Ralph Deleon,ARD0509,50,40,35,32,32,0.1690948718702455,0,0,0
ARL0034,0,38,19,19,1,0.0,0.0,August Ronan Lucas,ARL0034,41,39,27,21,26,0.2018818548713087,0,0,0
ASB0796,0,37,19,0,1,0.0,0.0,Ayanna Sylvia Blankenship,ASB0796,30,40,23,38,34,0.1870868523599571,0,0,0
ASD0577,0,37,19,0,1,0.0,0.0,Aquila Stewart Dejesus,ASD0577,40,48,36,14,37,0.1382013407587763,0,0,0
ASG0048,0,37,19,11,1,0.0,0.0,Alec Scott Goff,ASG0048,41,36,19,24,37,0.1900783911127535,0,0,0
ASG0692,0,37,19,11,1,0.0,0.0,Anastasia Sage Griffith,ASG0692,26,40,41,23,27,0.1920388695786267,0,0,0
ASL0378,0,54,19,9,1,0.0,0.0,Axel Seth Lewis,ASL0378,15,15,41,21,27,0.1446954790906813,0,0,0
ASM0575,0,52,19,0,1,0.0,0.0,Aurora Sarah Manning,ASM0575,42,25,21,45,30,0.1651161855824781,0,0,0
ASS0206,0,38,19,19,1,0.0,0.0,Ashely Sarah Shields,ASS0206,12,18,20,28,30,0.1648276535542618,0,0,0
ASS0517,0,52,19,0,1,0.0,0.0,Alfreda Sierra Savage,ASS0517,36,35,47,44,32,0.1452570221982243,0,0,0
ASV0946,0,53,19,19,1,0.0,0.0,Alice Sierra Valenzuela,ASV0946,35,12,46,17,26,0.1353367803795033,0,0,0
ATE0869,0,78,27,31,1,0.0,0.0,Aquila Tanner Ellison,ATE0869,13,15,40,44,33,-0.0357820308892455,1,0,1
ATF0274,0,37,19,19,1,0.0,0.0,Alea Tana Ferrell,ATF0274,20,45,48,27,28,0.1430824611140408,0,0,0
ATP0662,0,69,23,24,2,0.0,0.0,Aurora Tatiana Payne,ATP0662,17,16,41,20,39,0.0316932662093938,0,0,0
AVM0947,0,38,19,19,1,0.0,0.0,Ayanna Vivian Murray,AVM0947,10,25,30,44,39,0.1140989957961516,0,0,0
AWM0764,0,38,19,0,1,0.0,0.0,Akeem William Mayer,AWM0764,47,37,39,42,36,0.161017137581101,0,0,0
BAH0875,0,47,19,27,2,0.0,0.0,Brianna Aretha Hopper,BAH0875,43,19,26,17,30,0.1532001997921349,0,0,0
BAJ0654,0,39,19,20,2,0.0,0.0,Brock Aladdin Joyce,BAJ0654,36,10,47,10,41,0.06541160788222,0,0,0
BAK0964,0,38,19,19,1,0.0,0.0,Beatrice Alexis Kidd,BAK0964,25,16,22,18,28,0.1921284576314828,0,0,0
BAL0044,0,176,19,122,58,0.0,0.0,Byron Armand Livingston,BAL0044,14,41,26,44,30,-0.0904808643691128,1,0,1
BAM0611,0,50,19,10,1,0.0,0.0,Brielle Aubrey Marks,BAM0611,25,30,39,23,25,0.1729357142327669,0,0,0
BAM0636,0,37,19,18,1,0.0,0.0,Brenda Alika Matthews,BAM0636,13,40,46,42,39,0.114544249889248,0,0,0
BBG0325,0,53,19,19,2,0.0,0.0,Blair Bruno Grimes,BBG0325,41,50,30,37,40,0.1120498697597013,0,0,0
BBH0810,0,37,19,18,1,0.0,0.0,Bruno Beau Hoover,BBH0810,40,25,10,21,32,0.1659125270296675,0,0,0
BBS0039,1,142,19,111,53,0.0,0.0,Bevis Brady Sheppard,BBS0039,44,37,34,21,40,-0.0522864932518892,1,1,1
BBS0422,0,53,23,17,2,0.0,0.0,Buckminster Benjamin Swanson,BBS0422,39,42,29,41,18,0.0656097586368985,0,0,0
BCB0679,0,64,19,11,3,0.0,0.0,Buckminster Connor Bush,BCB0679,46,36,39,31,31,0.1433758525932204,0,0,0
BCM0653,0,37,19,18,1,0.0,0.0,Bevis Christopher Mcknight,BCM0653,45,34,41,18,31,0.1940949610901717,0,0,0
BCR0581,0,65,19,0,3,0.0,0.0,Bruno Carter Robles,BCR0581,20,11,34,36,30,0.0863728877506003,0,0,0
BDB0453,0,43,20,17,1,0.0,0.0,Brett Damian Beck,BDB0453,41,42,27,41,26,0.1583112415026474,0,0,0
BDI0533,0,74,25,0,2,0.0,0.0,Bruno Donovan Ingram,BDI0533,37,36,15,41,19,0.0248823623250904,0,0,0
BDV0168,1,38,19,19,1,0.0,0.0,Blair Deborah Vaughn,BDV0168,45,31,19,21,31,0.1986898064136951,0,1,0
BEC0505,0,37,19,0,1,0.0,0.0,Bruce Eden Clemons,BEC0505,35,21,30,19,32,0.1906064731054909,0,0,0
BEH0615,0,56,19,8,3,0.0,0.0,Barclay Eaton Hensley,BEH0615,24,20,50,22,26,0.0955734305034768,0,0,0
BER0314,0,38,19,19,1,0.0,0.0,Bianca Elizabeth Roach,BER0314,23,20,18,19,32,0.1919840189681261,0,0,0
BHC0665,0,52,19,0,2,0.0,0.0,Blaine Helen Cervantes,BHC0665,14,21,12,12,32,0.0942312324414473,0,0,0
BHW0458,0,37,19,9,1,0.0,0.0,Beau Hall Watts,BHW0458,36,32,28,30,29,0.1991252316200364,0,0,0
BIH0745,1,37,19,9,1,0.0,0.0,Benjamin Ignatius Hooper,BIH0745,43,39,50,27,25,0.15415476114658,0,1,0
BIS0247,0,57,19,19,1,0.0,0.0,Bryar Ivana Sweet,BIS0247,36,19,18,39,37,0.1528917226082595,0,0,0
BJH0354,0,37,19,0,1,0.0,0.0,Bert Jason Henderson,BJH0354,22,21,31,20,36,0.1771953732854793,0,0,0
BJH0811,0,37,19,18,1,0.0,0.0,Blaze Jakeem Hahn,BJH0811,48,39,44,14,40,0.1289891608894689,0,0,0
BJM0111,0,49,21,9,1,0.0,0.0,Bell Jorden Martinez,BJM0111,22,24,39,41,19,0.0943532789172739,0,0,0
BJP0134,0,51,19,0,1,0.0,0.0,Beck John Peters,BJP0134,42,17,44,21,39,0.1291214398746709,0,0,0
BJW0619,0,37,19,11,1,0.0,0.0,Blaine Jelani Weeks,BJW0619,30,43,47,21,39,0.1431900384475435,0,0,0
BKW0374,0,154,19,94,58,0.0,0.0,Blossom Keiko Weiss,BKW0374,41,38,17,46,27,-0.0448175538298422,1,0,1
BLB0114,0,63,19,0,2,0.0,0.0,Brent Laith Beck,BLB0114,38,48,41,15,22,0.0944381759975456,0,0,0
BLL0929,0,38,19,19,1,0.0,0.0,Bethany Lydia Lyons,BLL0929,44,49,10,41,39,0.0961177070238919,0,0,0
BLS0678,1,50,19,8,1,0.0,0.0,Benjamin Lewis Sweeney,BLS0678,35,17,43,28,31,0.1682455207405363,0,1,0
BMC0547,0,37,19,10,1,0.0,0.0,Britanni Marah Cash,BMC0547,41,18,22,21,35,0.1862386185918673,0,0,0
BMG0917,0,52,19,20,1,0.0,0.0,Beverly Melissa Garner,BMG0917,43,36,41,23,34,0.1832525493782165,0,0,0
BMM0112,0,37,19,0,1,0.0,0.0,Barry Martin Mason,BMM0112,40,36,24,40,25,0.1869321042070788,0,0,0
BMS0877,0,37,19,19,1,0.0,0.0,Brynn Madeline Sherman,BMS0877,31,50,11,43,33,0.1271810785632924,0,0,0
BMT0528,0,39,19,0,2,0.0,0.0,Brittany Mona Terry,BMT0528,33,25,39,25,30,0.1746587959072207,0,0,0
BNG0237,0,50,19,10,1,0.0,0.0,Brian Nathaniel Greer,BNG0237,39,36,36,47,27,0.1754008871933177,0,0,0
BNR0965,0,55,19,19,1,0.0,0.0,Basia Nevada Riggs,BNR0965,47,19,15,20,22,0.1408955509032642,0,0,0
BQS0525,0,61,27,0,5,0.0,0.0,Britanney Quail Snyder,BQS0525,42,38,19,45,30,0.0024128622512329,0,0,0
BRB0355,0,89,27,0,2,0.0,0.0,Burke Randall Burnett,BRB0355,33,21,37,19,29,0.0092067381637565,0,0,0
BRM0995,0,53,19,18,2,0.0,0.0,Brianna Rebecca Mcintyre,BRM0995,20,11,32,26,40,0.109685995871009,0,0,0
BRS0734,0,45,23,11,1,0.0,0.0,Burke Rooney Stafford,BRS0734,32,39,47,10,30,0.069581810650491,0,0,0
BSA0431,0,37,19,9,1,0.0,0.0,Blossom Scarlett Aguirre,BSA0431,50,41,19,40,29,0.1686882429505459,0,0,0
BSB0990,0,38,19,19,1,0.0,0.0,Bruce Sawyer Barrera,BSB0990,34,44,13,43,37,0.150443643603905,0,0,0
BSH0445,0,37,19,12,1,0.0,0.0,Bethany Stephanie Haynes,BSH0445,38,22,30,15,21,0.1673911392798323,0,0,0
BSS0369,1,196,23,118,72,0.0,0.0,Brenden Samuel Shaffer,BSS0369,39,42,34,14,32,-0.1182995911812894,1,1,1
BSS0463,0,37,19,11,1,0.0,0.0,Bruno Stewart Silva,BSS0463,32,40,40,38,28,0.2039036215344697,0,0,0
BTL0226,1,53,19,24,3,0.0,0.0,Bernard Tobias Landry,BTL0226,36,44,37,38,31,0.1491856784582867,0,1,0
BTL0722,0,37,19,19,1,0.0,0.0,Blair Todd Long,BTL0722,39,41,36,17,49,0.1494175553949314,0,0,0
BTN0061,0,61,19,21,4,0.0,0.0,Benjamin Tyrone Norman,BTN0061,42,21,22,20,22,0.1072685724726504,0,0,0
BTR0403,0,62,19,24,4,0.0,0.0,Beck Troy Richards,BTR0403,47,47,21,17,28,0.0914633516169443,0,0,0
BTS0011,0,38,19,19,1,0.0,0.0,Blaze Trevor Stone,BTS0011,25,42,16,25,29,0.1913487297017087,0,0,0
BTW0005,0,55,19,19,2,0.0,0.0,Byron Tyrone Williamson,BTW0005,33,39,18,18,27,0.1763400459145966,0,0,0
BVC0790,0,85,24,4,2,0.0,0.0,Blythe Veda Cooke,BVC0790,24,18,18,36,38,0.0172039333850223,0,0,0
BVN0514,0,39,19,0,2,0.0,0.0,Buffy Vivien Nichols,BVN0514,36,23,30,23,22,0.1440951121433794,0,0,0
BWH0813,0,37,19,18,1,0.0,0.0,Brock William Hunter,BWH0813,36,36,33,20,30,0.2125984788456568,0,0,0
BWP0202,0,73,20,31,2,0.0,0.0,Baxter William Price,BWP0202,20,36,15,25,28,0.0791108795654258,0,0,0
BXJ0010,0,37,19,12,1,0.0,0.0,Bethany Xerxes Johnson,BXJ0010,46,24,30,35,34,0.1849359563368316,0,0,0
BYP0070,0,37,19,11,1,0.0,0.0,Bertha Yetta Parrish,BYP0070,30,19,41,21,33,0.1946528745524759,0,0,0
CAA0612,0,52,19,11,1,0.0,0.0,Chelsea Aspen Allen,CAA0612,20,41,32,42,31,0.1735039314209197,0,0,0
CAB0388,0,55,19,12,1,0.0,0.0,Cedric Alexander Bowers,CAB0388,37,33,23,40,36,0.1820321134555914,0,0,0
CAB0614,0,54,19,11,2,0.0,0.0,Cora Aurora Buckner,CAB0614,17,38,22,12,34,0.12039908957835,0,0,0
CAC0889,0,37,19,0,1,0.0,0.0,Caesar Allen Cash,CAC0889,46,49,32,41,27,0.140818725251068,0,0,0
CAH0936,1,59,19,25,5,0.0,0.0,Constance Audrey Hicks,CAH0936,40,22,39,50,24,0.0597771970129458,0,1,0
CAM0102,0,37,19,19,1,0.0,0.0,Chandler Ashton Madden,CAM0102,31,44,19,15,27,0.1820922785620822,0,0,0
CAM0681,0,50,19,14,1,0.0,0.0,Cole Aaron Mcfarland,CAM0681,41,43,45,10,28,0.1420373742173369,0,0,0
CAN0842,0,37,19,18,1,0.0,0.0,Chadwick Armand Nunez,CAN0842,38,41,22,39,29,0.208705282263214,0,0,0
CAS0507,0,66,19,0,3,0.0,0.0,Carla Amelia Shannon,CAS0507,14,46,33,11,25,0.0459585930877965,0,0,0
CBB0365,0,173,19,93,58,0.0,0.0,Cain Byron Baldwin,CBB0365,37,17,20,41,33,-0.0544577598877275,1,0,1
CBG0398,0,37,19,21,1,0.0,0.0,Courtney Brynn Garrett,CBG0398,40,21,41,10,24,0.1458415077710668,0,0,0
CBG0490,0,37,19,0,1,0.0,0.0,Callum Brendan Gonzalez,CBG0490,50,31,35,10,29,0.1341250091506517,0,0,0
CCA0046,1,122,19,93,43,0.0,0.0,Cyrus Connor Atkinson,CCA0046,36,43,25,15,28,-0.0248153191342475,1,1,1
CCC0393,0,37,19,25,1,0.0,0.0,Chaim Chadwick Chang,CCC0393,35,30,40,16,26,0.1738659093595584,0,0,0
CCH0182,0,37,19,19,1,0.0,0.0,Clayton Clark Humphrey,CCH0182,42,44,47,23,29,0.1770175488157989,0,0,0
CCH0685,0,57,19,10,2,0.0,0.0,Cora Clementine Higgins,CCH0685,47,24,42,34,29,0.1494192796867702,0,0,0
CCL0068,1,37,19,12,1,0.0,0.0,Camilla Camille Leach,CCL0068,13,16,23,19,23,0.1571617232406054,0,1,0
CCM0136,0,52,19,0,2,0.0,0.0,Cailin Casey Mckee,CCM0136,16,16,39,40,29,0.1315981385946795,0,0,0
CCM0467,0,37,19,10,1,0.0,0.0,Chester Caldwell Mendoza,CCM0467,43,40,19,26,25,0.1980641571045287,0,0,0
CCM0855,0,37,19,19,1,0.0,0.0,Chanda Celeste Mosley,CCM0855,31,24,19,36,29,0.1997197794406018,0,0,0
CCR0863,0,37,19,19,1,0.0,0.0,Charde Cynthia Rasmussen,CCR0863,20,30,37,14,29,0.1800513767529136,0,0,0
CCW0031,0,38,19,19,1,0.0,0.0,Clinton Coby Wolfe,CCW0031,33,47,30,39,33,0.1770881036952312,0,0,0
CCW0524,0,37,19,0,1,0.0,0.0,Camilla Claire Whitehead,CCW0524,40,25,20,21,25,0.1807087601562642,0,0,0
CEB0210,0,38,19,19,1,0.0,0.0,Colin Evan Brown,CEB0210,42,24,44,23,34,0.1793584681809023,0,0,0
CEJ0109,1,37,19,0,1,0.0,0.0,Casey Edward Joyce,CEJ0109,21,46,17,17,32,0.1490331216319863,0,1,0
CEL0561,0,53,19,0,1,0.0,0.0,Calvin Edan Love,CEL0561,40,39,36,19,40,0.1506492559282263,0,0,0
CFG0959,0,50,19,26,2,0.0,0.0,Cassidy Florence Gibbs,CFG0959,42,21,24,17,20,0.1230008912067144,0,0,0
CFM0767,0,60,19,6,3,0.0,0.0,Cecilia Freya Morgan,CFM0767,46,23,22,35,29,0.1348396174404324,0,0,0
CFW0264,0,38,19,19,1,0.0,0.0,Carl Ferdinand Wong,CFW0264,19,32,17,20,27,0.18807248724239,0,0,0
CGA0629,0,37,19,11,1,0.0,0.0,Cullen Gary Adams,CGA0629,36,35,24,49,28,0.1778150458130351,0,0,0
CGB0637,0,50,19,18,1,0.0,0.0,Claudia Galena Baldwin,CGB0637,20,20,15,20,29,0.182474845111239,0,0,0
CGF0337,0,37,19,19,1,0.0,0.0,Chaim Grant Fernandez,CGF0337,32,30,43,15,31,0.191519528533717,0,0,0
CHG0146,0,37,19,0,1,0.0,0.0,Cedric Herrod Gilliam,CHG0146,40,20,39,19,35,0.1785154623795082,0,0,0
CHM0821,0,70,19,24,3,0.0,0.0,Carter Harrison Maldonado,CHM0821,48,11,39,19,23,0.0642477564117426,0,0,0
CIG0052,0,37,19,0,1,0.0,0.0,Chastity Ima Gibson,CIG0052,17,45,17,16,24,0.1336986430381285,0,0,0
CIM0271,0,51,19,19,2,0.0,0.0,Colt Ishmael Mccall,CIM0271,24,27,10,20,38,0.1082354042565986,0,0,0
CIM0926,0,37,19,18,1,0.0,0.0,Caldwell Ian Maxwell,CIM0926,31,25,41,17,31,0.1974085724595961,0,0,0
CJC0494,0,37,19,0,1,0.0,0.0,Caleb Jonas Chang,CJC0494,40,39,39,42,42,0.1424560571610678,0,0,0
CJF0802,0,58,20,2,2,0.0,0.0,Camille Julie Freeman,CJF0802,36,39,38,43,21,0.1067177349700987,0,0,0
CJG0470,0,37,19,10,1,0.0,0.0,Callum Jasper Gilmore,CJG0470,44,45,22,32,24,0.1762495185674195,0,0,0
CJH0702,0,37,19,19,1,0.0,0.0,Calvin Jarrod Hood,CJH0702,46,24,30,25,37,0.1719025296916682,0,0,0
CJK0200,0,38,19,19,1,0.0,0.0,Cora Jane Kinney,CJK0200,40,29,24,38,31,0.1992170062627487,0,0,0
CJM0138,0,37,19,0,1,0.0,0.0,Colorado Joel Merrill,CJM0138,10,40,21,17,23,0.1265676851056422,0,0,0
CJM0521,0,51,26,0,1,0.0,0.0,Cleo Jeanette Morales,CJM0521,13,18,37,18,24,0.0325695068218425,0,0,0
CJP0952,0,52,19,19,1,0.0,0.0,Cody Jonathan Potter,CJP0952,45,18,25,18,27,0.1781683924596671,0,0,0
CJV0286,0,50,19,0,1,0.0,0.0,Colorado John Valentine,CJV0286,18,14,17,13,26,0.1267269031177226,0,0,0
CKB0427,0,37,19,10,1,0.0,0.0,Cathleen Kelsey Burke,CKB0427,38,38,36,43,37,0.1769057436935548,0,0,0
CKB0482,0,37,19,0,1,0.0,0.0,Colton Kaseem Bolton,CKB0482,36,48,37,46,25,0.1423980778363442,0,0,0
CKD0680,0,38,19,10,1,0.0,0.0,Cheyenne Kay Dickerson,CKD0680,18,50,24,18,28,0.1454445481532627,0,0,0
CKH0144,0,37,19,19,1,0.0,0.0,Chloe Keiko Holland,CKH0144,34,22,22,35,30,0.2043041376584564,0,0,0
CKP0721,0,37,19,19,1,0.0,0.0,Colt Kendall Perez,CKP0721,40,39,39,13,32,0.1889367103590551,0,0,0
CLB0774,0,50,20,11,1,0.0,0.0,Charde Lareina Barrett,CLB0774,49,23,22,17,31,0.1359229129837777,0,0,0
CLD0894,0,37,19,0,1,0.0,0.0,Cheyenne Lesley Dominguez,CLD0894,19,21,50,16,36,0.1307784464609393,0,0,0
CLF0852,0,63,19,23,2,0.0,0.0,Candice Lunea Fischer,CLF0852,36,45,28,18,26,0.142173441047391,0,0,0
CLH0703,0,37,19,19,1,0.0,0.0,Colin Lawrence Holder,CLH0703,48,41,47,28,29,0.1599182517603362,0,0,0
CLS0296,0,37,19,0,1,0.0,0.0,Chiquita Linda Stokes,CLS0296,27,16,25,18,33,0.1715489587057124,0,0,0
CMB0912,0,87,24,30,5,0.0,0.0,Caleb Mason Ball,CMB0912,46,43,16,22,31,0.0035127569894156,0,0,0
CMM0487,0,37,19,0,1,0.0,0.0,Cora Maisie Mclean,CMM0487,39,22,42,40,30,0.1849559724897477,0,0,0
CMS0454,0,37,19,13,1,0.0,0.0,Cameran Madonna Shepard,CMS0454,43,23,28,15,25,0.1791781533231304,0,0,0
CMW0783,0,37,19,0,1,0.0,0.0,Castor Mark Wolf,CMW0783,21,35,14,16,26,0.1512313664907272,0,0,0
CNB0900,0,37,19,0,1,0.0,0.0,Colton Nathan Barber,CNB0900,34,43,38,16,27,0.1821159286004142,0,0,0
CNE0352,0,37,19,11,1,0.0,0.0,Cameron Noel Elliott,CNE0352,39,22,44,15,30,0.1792416277115104,0,0,0
CNM0800,0,37,19,0,1,0.0,0.0,Charissa Nyssa Mcgee,CNM0800,32,11,40,38,24,0.1376844664189539,0,0,0
COF0120,0,41,19,22,1,0.0,0.0,Clio Ocean Faulkner,COF0120,14,12,38,13,35,0.1256985764276088,0,0,0
COM0321,0,38,19,19,1,0.0,0.0,Claire Olivia Martin,COM0321,38,18,34,18,27,0.1943719998476538,0,0,0
CPG0322,0,60,19,21,3,0.0,0.0,Connor Phelan Guerra,CPG0322,17,13,19,24,36,0.1041311468173343,0,0,0
CQH0701,0,51,19,19,1,0.0,0.0,Caldwell Quamar Head,CQH0701,35,50,39,50,32,0.1263228663287811,0,0,0
CQH0730,0,37,19,11,1,0.0,0.0,Cassady Quincy Hampton,CQH0730,21,18,37,49,27,0.1511804765652754,0,0,0
CQW0652,1,37,19,18,1,0.0,0.0,Chastity Quyn Wilkerson,CQW0652,10,22,48,20,33,0.1376690975753477,0,1,0
CRD0624,0,39,19,10,1,0.0,0.0,Christine Reagan Deleon,CRD0624,26,22,17,39,32,0.1892909461342084,0,0,0
CRK0916,0,55,19,22,1,0.0,0.0,Chandler Raymond Kirk,CRK0916,32,46,26,19,32,0.164743562394544,0,0,0
CRO0027,0,54,19,0,1,0.0,0.0,Cathleen Risa Oneal,CRO0027,19,30,28,46,26,0.1396354041353997,0,0,0
CRP0456,0,37,19,11,1,0.0,0.0,Cade Rajah Patterson,CRP0456,37,41,28,43,30,0.1933768779431952,0,0,0
CSB0080,0,37,19,9,1,0.0,0.0,Catherine Savannah Bullock,CSB0080,35,19,39,34,36,0.1839064898695343,0,0,0
CSC0217,1,152,19,111,57,0.0,0.0,Cathleen Samantha Craig,CSC0217,40,15,30,38,28,-0.0490600927273191,1,1,1
CSH0626,0,68,21,19,2,0.0,0.0,Colin Stuart Holloway,CSH0626,33,17,41,18,23,0.0920017020485537,0,0,0
CSJ0340,0,37,19,19,1,0.0,0.0,Charity Stacey Jennings,CSJ0340,45,24,19,38,25,0.186134186508191,0,0,0
CSL0949,0,38,19,19,1,0.0,0.0,Cameron Shay Lester,CSL0949,36,20,18,25,28,0.2015954571222789,0,0,0
CSP0197,0,70,19,0,2,0.0,0.0,Callum Scott Parrish,CSP0197,37,44,17,13,26,0.1003953412401281,0,0,0
CTA0020,0,49,19,10,1,0.0,0.0,Curran Tarik Ayala,CTA0020,36,50,11,22,34,0.1221091030959771,0,0,0
CTR0341,0,82,27,35,2,0.0,0.0,Cairo Theodore Robles,CTR0341,45,39,23,13,28,-0.0043074091546814,1,0,1
CTR0697,0,52,19,19,1,0.0,0.0,Cherokee Tashya Ramirez,CTR0697,36,15,33,25,34,0.1726230944018427,0,0,0
CTW0500,0,37,19,0,1,0.0,0.0,Chanda Tamekah William,CTW0500,38,36,20,35,35,0.1873389305280519,0,0,0
CUD0795,0,37,19,0,1,0.0,0.0,Charity Uta Daniels,CUD0795,12,40,30,44,24,0.1277268197448628,0,0,0
CWB0065,0,69,19,28,2,0.0,0.0,Chadwick Wayne Bond,CWB0065,50,33,14,20,23,0.084999310861342,0,0,0
CWR0502,0,61,19,0,2,0.0,0.0,Colt Walter Reynolds,CWR0502,41,49,25,45,27,0.116611115976944,0,0,0
CXC0336,0,37,19,19,1,0.0,0.0,Casey Xerxes Conrad,CXC0336,23,19,34,35,34,0.1868489289270695,0,0,0
CYA0506,0,37,19,0,1,0.0,0.0,Cecilia Yuri Ashley,CYA0506,16,17,44,14,31,0.1473742833019217,0,0,0
DAG0558,0,37,19,0,1,0.0,0.0,Deirdre Amaya Garcia,DAG0558,20,16,37,25,26,0.1721776098085651,0,0,0
DAL0673,0,56,19,9,2,0.0,0.0,Demetrius Alvin Levy,DAL0673,39,35,46,41,36,0.1307885795348027,0,0,0
DAR0885,0,85,27,12,5,0.0,0.0,Devin Abdul Rogers,DAR0885,43,43,44,41,25,-0.0288653328504454,1,0,1
DBB0384,0,38,19,13,1,0.0,0.0,Demetrius Barry Bullock,DBB0384,40,41,28,37,27,0.201106820608924,0,0,0
DBG0261,0,37,19,19,1,0.0,0.0,Devin Brett Guzman,DBG0261,45,47,17,36,28,0.1721818415208427,0,0,0
DBS0235,0,39,19,28,2,0.0,0.0,Dale Benjamin Sharpe,DBS0235,30,38,18,37,33,0.1555342666683338,0,0,0
DBW0483,0,37,19,0,1,0.0,0.0,Deborah Barbara White,DBW0483,17,16,25,21,37,0.1533641175581609,0,0,0
DCC0160,0,37,19,19,1,0.0,0.0,Donovan Carlos Chapman,DCC0160,36,39,33,42,27,0.2011180875992935,0,0,0
DCH0843,1,37,19,18,1,0.0,0.0,Dominic Calvin Hewitt,DCH0843,20,31,11,18,36,0.1420364883547036,0,1,0
DDA0476,0,37,19,0,1,0.0,0.0,Dane Davis Atkins,DDA0476,36,25,39,13,39,0.1455752417688334,0,0,0
DDM0579,0,37,19,0,1,0.0,0.0,Dale Dorian Mercado,DDM0579,33,45,30,37,26,0.1695968385502145,0,0,0
DEB0782,0,37,19,0,1,0.0,0.0,Dakota Edward Brady,DEB0782,42,47,32,21,36,0.1583189222784671,0,0,0
DFH0188,0,69,19,25,3,0.0,0.0,Dean Flynn Hines,DFH0188,35,40,18,38,24,0.1196895931266196,0,0,0
DFR0218,0,140,19,106,52,0.0,0.0,Daria Felicia Rowland,DFR0218,45,14,22,37,27,-0.0470507023181628,1,0,1
DGF0443,0,37,19,8,1,0.0,0.0,Dustin Gage Franco,DGF0443,39,44,18,28,33,0.1884751301158042,0,0,0
DGM0754,0,37,19,10,1,0.0,0.0,Declan Gareth Mclaughlin,DGM0754,42,18,42,24,24,0.1752835116526576,0,0,0
DGN0480,0,37,19,0,1,0.0,0.0,Donovan Garth Nieves,DGN0480,21,25,44,20,31,0.1715004807295655,0,0,0
DGW0752,0,49,19,13,1,0.0,0.0,Dennis Gray Wilson,DGW0752,40,46,20,40,14,0.1146399777784443,0,0,0
DHM0937,0,38,19,19,1,0.0,0.0,Dominic Howard Mcconnell,DHM0937,43,22,21,15,24,0.1794188781047215,0,0,0
DIB0081,0,68,19,11,3,0.0,0.0,Drew Ivan Beck,DIB0081,34,45,14,28,33,0.1211419313270778,0,0,0
DIB0285,1,37,19,0,1,0.0,0.0,Deanna Imelda Blanchard,DIB0285,13,45,17,50,29,0.1026417613433224,0,1,0
DIC0988,0,37,19,19,1,0.0,0.0,Dolan Igor Cortez,DIC0988,44,30,23,21,32,0.1994058885357176,0,0,0
DID0650,0,37,19,18,1,0.0,0.0,Denise Ifeoma Doyle,DID0650,45,21,17,42,21,0.1522786190691255,0,0,0
DIW0118,0,68,19,23,2,0.0,0.0,Delilah Iliana Wilkinson,DIW0118,37,17,19,37,26,0.126362565748822,0,0,0
DJB0159,0,54,19,19,2,0.0,0.0,Dacey Jorden Bowen,DJB0159,20,37,27,38,37,0.1412999609624908,0,0,0
DJS0682,0,37,19,12,1,0.0,0.0,Dexter Jamal Simon,DJS0682,22,23,36,13,30,0.186400775932335,0,0,0
DKB0631,0,37,19,18,1,0.0,0.0,Dai Keely Bullock,DKB0631,34,18,14,46,31,0.1577332759363594,0,0,0
DLF0377,0,38,19,11,1,0.0,0.0,Dean Lester Figueroa,DLF0377,39,35,19,27,34,0.2025767000340968,0,0,0
DLH0029,0,37,19,20,1,0.0,0.0,Diana Leigh Hays,DLH0029,36,26,38,18,31,0.2026095359137645,0,0,0
DLM0051,0,71,24,24,2,0.0,0.0,Declan Lester Moss,DLM0051,37,37,17,20,35,0.058515507754664,0,0,0
DLS0383,0,51,19,12,1,0.0,0.0,Diana Lillian Solis,DLS0383,10,21,12,25,24,0.1182001082968406,0,0,0
DMG0358,0,153,19,82,46,0.0,0.0,Dorothy Marny Goff,DMG0358,19,39,14,25,29,-0.0453113630886402,1,0,1
DMK0257,0,66,19,27,2,0.0,0.0,Desirae Mari Koch,DMK0257,33,20,26,26,30,0.1452824759591719,0,0,0
DMM0623,0,51,19,9,1,0.0,0.0,Doris Mona Michael,DMM0623,36,27,21,39,30,0.194142839308463,0,0,0
DOL0332,0,37,19,19,1,0.0,0.0,Damian Omar Le,DOL0332,32,40,41,18,24,0.1890936650500186,0,0,0
DOP0562,0,37,19,0,1,0.0,0.0,Daryl Ocean Patel,DOP0562,42,16,37,39,31,0.1728504096435832,0,0,0
DPM0423,0,53,19,15,2,0.0,0.0,Dalton Perry Mejia,DPM0423,37,38,38,15,27,0.1690814578119912,0,0,0
DPS0262,0,43,19,25,1,0.0,0.0,Delilah Pearl Schneider,DPS0262,20,25,20,14,32,0.1522777911100122,0,0,0
DRR0162,1,38,19,19,1,0.0,0.0,Dante Raja Roberts,DRR0162,45,36,20,36,29,0.2029386920271045,0,1,0
DRR0242,0,47,24,11,1,0.0,0.0,Daphne Ruby Reilly,DRR0242,39,19,40,41,33,0.0962512306058331,0,0,0
DSB0731,0,37,19,10,1,0.0,0.0,Daryl Skyler Brock,DSB0731,26,15,40,43,30,0.1682717897912621,0,0,0
DSM0591,0,37,19,0,1,0.0,0.0,Daria Samantha Mcbride,DSM0591,20,35,18,43,35,0.1609963330388574,0,0,0
DTP0379,0,64,19,11,3,0.0,0.0,Daquan Tucker Pugh,DTP0379,45,42,15,37,27,0.1479761807408686,0,0,0
DTT0076,0,37,19,19,1,0.0,0.0,Dylan Tiger Terry,DTT0076,42,16,34,24,28,0.1907164481327309,0,0,0
DVM0265,0,44,19,23,2,0.0,0.0,Deborah Victoria Mcclure,DVM0265,47,40,10,24,31,0.133648058249383,0,0,0
DVW0103,0,37,19,19,1,0.0,0.0,Dante Vaughan Weber,DVW0103,40,45,44,21,29,0.1765471570338476,0,0,0
DZC0228,0,37,19,20,1,0.0,0.0,Declan Zachery Caldwell,DZC0228,37,37,34,21,38,0.1818740556087407,0,0,0
EAH0466,0,55,19,11,3,0.0,0.0,Ethan Arden Hays,EAH0466,41,38,29,38,25,0.1562843691844855,0,0,0
EBC0390,0,38,19,10,1,0.0,0.0,Eaton Burton Crane,EBC0390,40,40,40,22,33,0.2017916129478361,0,0,0
ECF0828,0,37,19,18,1,0.0,0.0,Erasmus Cameron Franco,ECF0828,40,49,39,40,35,0.1557784261154651,0,0,0
ECL0930,0,51,19,19,1,0.0,0.0,Edan Ciaran Larson,ECL0930,28,24,40,18,29,0.1856041005816625,0,0,0
ECR0822,0,37,19,18,1,0.0,0.0,Ella Cassandra Rivera,ECR0822,16,19,17,23,29,0.1842656819152579,0,0,0
EDA0684,0,47,19,18,2,0.0,0.0,Edward Dean Anthony,EDA0684,38,42,40,39,33,0.178675044752443,0,0,0
EDB0714,1,37,19,19,1,0.0,0.0,Eden Deborah Ball,EDB0714,21,23,35,26,29,0.1979934114802921,0,1,0
EFS0882,0,37,19,0,1,0.0,0.0,Edward Finn Stokes,EFS0882,40,40,47,25,27,0.168162398749637,0,0,0
EGD0132,1,37,19,0,1,0.0,0.0,Eric Gray Duncan,EGD0132,37,38,33,15,22,0.1584082196167479,0,1,0
EGD0409,0,49,19,10,1,0.0,0.0,Elijah Gary Diaz,EGD0409,39,40,22,35,33,0.1981354791768169,0,0,0
EGK0893,0,37,19,0,1,0.0,0.0,Eagan Gannon Koch,EGK0893,21,30,11,47,27,0.1137170786433941,0,0,0
EHB0420,0,95,25,26,2,0.0,0.0,Erich Harding Bryant,EHB0420,45,42,38,17,20,0.016239622475936,0,0,0
EHB0824,1,37,19,18,1,0.0,0.0,Eugenia Hannah Blanchard,EHB0824,46,39,22,44,31,0.1861967342753682,0,1,0
EHD0584,1,49,19,0,1,0.0,0.0,Ezra Hilel Dyer,EHD0584,38,40,42,43,22,0.1507910484525388,0,1,0
EHR0096,0,37,19,19,1,0.0,0.0,Elaine Hanna Raymond,EHR0096,22,13,20,48,31,0.1336435941664203,0,0,0
EIM0156,0,37,19,19,1,0.0,0.0,Eve Isadora Mckenzie,EIM0156,19,31,43,45,33,0.1581453858407289,0,0,0
EIP0997,0,37,19,18,1,0.0,0.0,Emily Illana Perry,EIP0997,42,28,20,25,34,0.1964117065667834,0,0,0
EIS0041,0,189,19,136,70,0.0,0.0,Emerald Imani Schmidt,EIS0041,41,44,17,48,30,-0.1038515740980018,1,0,1
EJW0884,0,37,19,0,1,0.0,0.0,Elton Jonas Williamson,EJW0884,46,20,32,26,31,0.1827541094968274,0,0,0
ELB0847,0,37,19,18,1,0.0,0.0,Emmanuel Lawrence Briggs,ELB0847,12,17,16,19,28,0.1588680885233493,0,0,0
ELH0960,0,38,19,19,1,0.0,0.0,Emerald Lysandra Hodges,ELH0960,40,43,26,41,22,0.1816894611620348,0,0,0
ELT0769,0,37,19,0,1,0.0,0.0,Echo Leandra Torres,ELT0769,19,20,20,27,35,0.1746445257977339,0,0,0
EMB0531,0,52,19,0,1,0.0,0.0,Edan Marsden Briggs,EMB0531,31,41,31,36,36,0.1685027221160765,0,0,0
EMS0317,0,38,19,19,1,0.0,0.0,Eden Merrill Stokes,EMS0317,15,21,44,10,31,0.1353753665888781,0,0,0
EMW0105,0,37,19,0,1,0.0,0.0,Erich Malik Wolf,EMW0105,35,40,17,41,34,0.1800536411919119,0,0,0
EMW0772,0,37,19,0,1,0.0,0.0,Elvis Marshall Walton,EMW0772,46,41,20,12,28,0.1547461506004943,0,0,0
ENC0234,0,49,19,22,1,0.0,0.0,Evelyn Nevada Curtis,ENC0234,21,23,32,19,23,0.1622489998048504,0,0,0
ENL0100,0,37,19,19,1,0.0,0.0,Ella Nita Lewis,ENL0100,39,18,42,35,21,0.1566266736767805,0,0,0
EPW0434,0,37,19,13,1,0.0,0.0,Ethan Perry Wiggins,EPW0434,32,36,38,22,33,0.2042828253897979,0,0,0
ERH0449,0,37,19,11,1,0.0,0.0,Ella Rachel Hess,ERH0449,44,15,35,17,25,0.1723058197763299,0,0,0
ESA0642,0,37,19,18,1,0.0,0.0,Eliana Stephanie Albert,ESA0642,32,14,44,30,32,0.167000984694049,0,0,0
ESH0135,0,37,19,0,1,0.0,0.0,Elaine Sonya Hughes,ESH0135,35,22,32,44,28,0.176857033274997,0,0,0
ESH0283,0,43,19,0,4,0.0,0.0,Eve Shaeleigh Holman,ESH0283,44,30,35,18,31,0.1143917897489628,0,0,0
ESJ0670,0,60,26,14,3,0.0,0.0,Eaton Samuel Jennings,ESJ0670,42,31,15,40,24,0.0212352703803678,0,0,0
ESR0693,0,39,19,11,2,0.0,0.0,Evelyn Sarah Reilly,ESR0693,35,23,25,21,31,0.1853752432771545,0,0,0
ETR0177,0,37,19,1,1,0.0,0.0,Emerson Tyrone Rojas,ETR0177,18,15,41,26,39,0.1411565592027494,0,0,0
ETR0428,0,53,19,10,2,0.0,0.0,Elton Tyler Richard,ETR0428,36,21,40,20,20,0.1431577711985338,0,0,0
EWH0191,0,52,19,19,1,0.0,0.0,Eugenia Whilemina Harrington,EWH0191,33,17,22,23,27,0.187146227849879,0,0,0
EZH0736,0,37,19,12,1,0.0,0.0,Elton Zeus Horton,EZH0736,44,41,37,19,31,0.1997066082616298,0,0,0
EZT0640,0,68,19,22,2,0.0,0.0,Eagan Zephania Talley,EZT0640,12,15,27,39,27,0.0892819660759762,0,0,0
FAW0032,0,38,19,19,1,0.0,0.0,Frances Alisa Wiggins,FAW0032,43,24,17,37,37,0.1651437617815723,0,0,0
FBA0348,0,38,19,0,1,0.0,0.0,Francis Brian Armstrong,FBA0348,41,44,40,36,27,0.1815575003238437,0,0,0
FBW0747,0,43,20,10,3,0.0,0.0,Fuller Baker Warner,FBW0747,43,45,35,25,28,0.1168704597976076,0,0,0
FDE0117,0,37,19,18,1,0.0,0.0,Fritz Dale Ellison,FDE0117,38,37,32,41,28,0.2048176391414022,0,0,0
FEB0306,0,57,19,0,2,0.0,0.0,Flynn Edward Brennan,FEB0306,40,42,26,25,31,0.1671430553647308,0,0,0
FFC0891,0,75,19,2,2,0.0,0.0,Flavia Fiona Cannon,FFC0891,38,10,39,50,39,0.0323914117992836,0,0,0
FGW0853,0,49,20,29,2,0.0,0.0,Florence Gloria Whitney,FGW0853,25,35,20,40,39,0.0907048331252841,0,0,0
FHO0630,0,37,19,13,1,0.0,0.0,Frances Hermione Owens,FHO0630,28,44,23,12,26,0.1558700264821119,0,0,0
FHS0837,0,37,19,18,1,0.0,0.0,Fallon Harriet Shelton,FHS0837,23,37,14,42,34,0.1679635117816741,0,0,0
FIR0920,0,47,19,19,2,0.0,0.0,Fay Ingrid Rodriquez,FIR0920,40,11,44,20,27,0.1331405589665914,0,0,0
FKB0163,0,38,19,19,1,0.0,0.0,Francis Kane Buckner,FKB0163,39,35,25,39,22,0.1855946184154844,0,0,0
FKK0055,0,73,26,0,2,0.0,0.0,Farrah Kim Keith,FKK0055,46,16,37,16,27,0.0144582559260785,0,0,0
FLM0213,0,38,19,19,1,0.0,0.0,Fitzgerald Len Merrill,FLM0213,20,41,46,15,24,0.1474387223238954,0,0,0
FMG0527,1,37,19,0,1,0.0,0.0,Flynn Malcolm Gibson,FMG0527,43,38,35,38,28,0.1923450204478803,0,1,0
FOB0756,0,81,23,0,2,0.0,0.0,Ferris Omar Barry,FOB0756,42,41,34,20,27,0.0733838868111014,0,0,0
FPC0954,0,38,19,19,1,0.0,0.0,Fletcher Perry Cantu,FPC0954,22,25,50,20,27,0.1613170011537533,0,0,0
FQA0854,0,37,19,19,1,0.0,0.0,Fulton Quinn Avery,FQA0854,41,38,30,34,26,0.2030276028234528,0,0,0
FRB0023,0,38,19,19,1,0.0,0.0,Felicia Rhona Butler,FRB0023,45,14,12,14,14,0.074111357835816,0,0,0
FRL0511,0,37,19,0,1,0.0,0.0,Ferdinand Rashad Lee,FRL0511,20,30,47,20,30,0.154145238305962,0,0,0
FRR0832,0,37,19,18,1,0.0,0.0,Forrest Rashad Richards,FRR0832,43,40,25,19,30,0.2088697410732032,0,0,0
FSB0399,0,37,19,21,1,0.0,0.0,Ferris Stone Bender,FSB0399,23,22,15,37,26,0.1722168703265755,0,0,0
FSC0601,1,39,19,9,2,0.0,0.0,Felicia Sloane Cabrera,FSC0601,37,30,37,15,30,0.1708905448158515,0,1,0
FTM0406,1,37,19,11,1,0.0,0.0,Finn Tucker Medina,FTM0406,31,15,38,16,34,0.1806991710285568,0,1,0
FUM0015,0,37,19,18,1,0.0,0.0,Fatima Ulla Mcclure,FUM0015,33,18,18,46,32,0.168704470895378,0,0,0
FWM0707,0,37,19,19,1,0.0,0.0,Fitzgerald Wayne Miranda,FWM0707,50,36,35,18,34,0.1681971730714042,0,0,0
FXF0957,0,38,19,19,1,0.0,0.0,Felicia Xantha Farley,FXF0957,35,25,47,36,28,0.1771585091469917,0,0,0
GAF0060,0,37,19,23,1,0.0,0.0,Grace Alma Fry,GAF0060,41,16,39,25,22,0.1538305233444276,0,0,0
GAF0570,0,51,19,0,1,0.0,0.0,Gwendolyn Amaya Ferrell,GAF0570,31,15,38,46,35,0.1375295133201287,0,0,0
GBM0603,0,37,19,11,1,0.0,0.0,Galena Britanney Merritt,GBM0603,39,42,42,24,37,0.1850592783924796,0,0,0
GCC0744,0,37,19,11,1,0.0,0.0,Grady Craig Coffey,GCC0744,35,42,15,25,31,0.1999356357639027,0,0,0
GCC0945,0,38,19,19,1,0.0,0.0,George Cade Chen,GCC0945,30,39,18,25,27,0.1980853037809066,0,0,0
GCG0951,0,56,19,19,2,0.0,0.0,Grant Camden Gay,GCG0951,33,33,25,19,44,0.1231505687527513,0,0,0
GCL0016,0,58,20,11,2,0.0,0.0,Gil Calvin Lindsay,GCL0016,45,32,20,24,34,0.1337776051214756,0,0,0
GCR0554,0,37,19,9,1,0.0,0.0,Grace Charde Roth,GCR0554,16,16,41,23,37,0.1590378162436725,0,0,0
GCS0518,0,37,19,0,1,0.0,0.0,Gregory Curran Sutton,GCS0518,41,36,23,38,21,0.1692288865118548,0,0,0
GCS0571,0,53,19,0,2,0.0,0.0,Glenna Caryn Sharpe,GCS0571,22,18,16,23,32,0.1442053436297075,0,0,0
GDF0704,0,55,19,21,2,0.0,0.0,Galena Deborah Francis,GDF0704,25,13,21,29,36,0.1309020428604848,0,0,0
GHH0288,0,47,19,0,3,0.0,0.0,Genevieve Hyacinth Head,GHH0288,12,36,40,36,30,0.1126421227799076,0,0,0
GHL0460,1,37,19,10,1,0.0,0.0,Geoffrey Harlan Lara,GHL0460,21,37,24,17,35,0.1731165274781128,0,1,0
GJD0298,0,37,19,0,1,0.0,0.0,Grady Jordan Duran,GJD0298,43,39,12,40,27,0.1565039438218687,0,0,0
GJT0386,0,38,19,11,1,0.0,0.0,Geoffrey Jin Tucker,GJT0386,24,13,49,34,26,0.1306012535985497,0,0,0
GKO0078,0,69,19,23,2,0.0,0.0,Gage Kaden Odonnell,GKO0078,44,46,21,24,29,0.1356814415795368,0,0,0
GLR0975,0,52,19,10,1,0.0,0.0,Garrison Levi Rollins,GLR0975,33,44,26,24,24,0.1792055255585677,0,0,0
GMF0738,0,37,19,10,1,0.0,0.0,Gray Mason Fulton,GMF0738,30,40,45,20,18,0.1328748130630166,0,0,0
GNS0178,0,62,19,25,2,0.0,0.0,Garrett Nicholas Solomon,GNS0178,30,17,42,26,33,0.133930561609711,0,0,0
GNZ0953,0,53,19,19,1,0.0,0.0,Graiden Nehru Zimmerman,GNZ0953,26,18,26,36,29,0.184111881215068,0,0,0
GOK0238,0,37,19,12,1,0.0,0.0,Garrett Omar Kelly,GOK0238,33,43,27,40,33,0.1938110333779981,0,0,0
GQF0659,0,37,19,18,1,0.0,0.0,Gisela Quintessa Fischer,GQF0659,40,16,30,29,28,0.1842747901770584,0,0,0
GQP0743,0,37,19,13,1,0.0,0.0,Gil Quincy Potter,GQP0743,47,39,19,39,25,0.1883158418460745,0,0,0
GRC0145,0,38,19,0,1,0.0,0.0,Gay Ria Cantu,GRC0145,30,43,24,46,27,0.1655286876286962,0,0,0
GRM0868,0,37,19,19,1,0.0,0.0,Gail Rhiannon Mcconnell,GRM0868,21,25,20,13,28,0.1767219965812353,0,0,0
GTD0116,0,37,19,18,1,0.0,0.0,Grant Tyrone Doyle,GTD0116,43,19,45,20,31,0.1830343149279814,0,0,0
GTD0219,1,156,19,103,58,0.0,0.0,Gareth Thomas Dickson,GTD0219,40,40,19,30,33,-0.030164851575912,1,1,1
GTD0898,0,37,19,0,1,0.0,0.0,Guy Tad Daniel,GTD0898,23,23,39,15,29,0.1792753715808194,0,0,0
GZB0469,0,37,19,12,1,0.0,0.0,George Zachery Burch,GZB0469,46,39,22,45,28,0.1848832101400673,0,0,0
GZC0735,0,64,21,11,2,0.0,0.0,Guy Zeus Chandler,GZC0735,44,16,15,27,25,0.0805415512880763,0,0,0
HAC0282,0,37,19,0,1,0.0,0.0,Hakeem Arden Curry,HAC0282,37,32,38,12,28,0.1735943313913194,0,0,0
HAD0246,0,98,27,24,2,0.0,0.0,Holmes Arden Day,HAD0246,44,39,32,45,38,-0.015034647156741,1,0,1
HAH0248,0,37,19,10,1,0.0,0.0,Hector Abraham Hayes,HAH0248,33,43,22,18,29,0.2000670841349741,0,0,0
HAH0760,0,54,19,0,1,0.0,0.0,Hilda Alice Hahn,HAH0760,34,17,22,37,30,0.1721035329901002,0,0,0
HAM0985,0,37,19,19,1,0.0,0.0,Hillary Ainsley Mccormick,HAM0985,20,17,29,16,20,0.1491198109822087,0,0,0
HAV0121,0,37,19,18,1,0.0,0.0,Hu Akeem Vincent,HAV0121,46,43,38,37,27,0.1942692148496229,0,0,0
HBB0056,0,37,19,0,1,0.0,0.0,Hayden Bernard Benson,HBB0056,37,33,30,21,27,0.1886826688780334,0,0,0
HBO0413,1,37,19,12,1,0.0,0.0,Harper Basil Obrien,HBO0413,41,35,18,15,18,0.1436117410159579,0,1,0
HCC0344,0,37,19,19,1,0.0,0.0,Hayley Carolyn Cunningham,HCC0344,25,11,41,26,22,0.1462073413800914,0,0,0
HCL0113,0,37,19,0,1,0.0,0.0,Hyacinth Clare Lindsay,HCL0113,43,22,40,39,34,0.1815978744727706,0,0,0
HCL0651,0,51,19,18,1,0.0,0.0,Heather Cynthia Leonard,HCL0651,21,19,44,36,33,0.1626190883483679,0,0,0
HCM0267,0,38,19,19,1,0.0,0.0,Hall Colorado Morin,HCM0267,36,45,39,20,32,0.1909759308322412,0,0,0
HCS0003,0,37,19,0,1,0.0,0.0,Halla Cathleen Simmons,HCS0003,35,28,14,15,30,0.1687331196905916,0,0,0
HCV0478,0,54,19,0,1,0.0,0.0,Harper Clark Vazquez,HCV0478,46,36,18,12,24,0.1235271045750626,0,0,0
HCW0419,0,51,19,12,1,0.0,0.0,Hermione Casey Witt,HCW0419,40,21,35,34,35,0.1802970957723566,0,0,0
HDD0789,0,37,19,19,1,0.0,0.0,Hashim Damon Dudley,HDD0789,44,39,30,10,29,0.1718720648435318,0,0,0
HDD0806,0,75,26,25,2,0.0,0.0,Hedwig Dai Duffy,HDD0806,47,28,36,19,38,0.0116013719613834,0,0,0
HDH0928,0,37,19,18,1,0.0,0.0,Hashim Damon Hebert,HDH0928,40,36,20,40,26,0.2001032118676862,0,0,0
HDJ0446,0,37,19,11,1,0.0,0.0,Hope Dawn Jensen,HDJ0446,18,17,45,27,35,0.1586836840588534,0,0,0
HDL0748,0,37,19,10,1,0.0,0.0,Hedy Delilah Lopez,HDL0748,25,13,46,41,25,0.1335428633461114,0,0,0
HDS0367,0,169,19,92,58,0.0,0.0,Hayes Drake Stephenson,HDS0367,50,42,16,30,19,-0.0747512335729442,1,0,1
HFB0347,0,37,19,19,1,0.0,0.0,Heather Fredericka Baird,HFB0347,34,20,30,30,27,0.2001515799733163,0,0,0
HGG0240,0,37,19,10,1,0.0,0.0,Hedda Grace Gordon,HGG0240,20,26,24,36,31,0.1941475149027376,0,0,0
HGH0595,0,37,19,0,1,0.0,0.0,Hanae Gay Hogan,HGH0595,41,14,22,39,29,0.1695418040828707,0,0,0
HGN0287,0,37,19,0,1,0.0,0.0,Halla Germaine Nolan,HGN0287,45,30,18,18,27,0.1758383263592648,0,0,0
HIA0414,0,37,19,11,1,0.0,0.0,Herman Ian Abbott,HIA0414,38,39,39,18,31,0.2045127746578223,0,0,0
HIW0536,0,37,19,11,1,0.0,0.0,Honorato Ivan Wall,HIW0536,39,50,25,24,20,0.1431913397202612,0,0,0
HJA0018,0,49,19,11,1,0.0,0.0,Honorato Joseph Adkins,HJA0018,39,43,47,37,32,0.1712562310755275,0,0,0
HJB0742,1,54,19,11,2,0.0,0.0,Harlan Jason Benjamin,HJB0742,41,40,16,21,30,0.1763345139287715,0,1,0
HJS0072,0,61,21,13,3,0.0,0.0,Honorato John Sloan,HJS0072,44,42,19,19,31,0.1065483647824424,0,0,0
HKB0418,0,37,19,11,1,0.0,0.0,Halee Kim Burnett,HKB0418,50,18,13,26,27,0.1413894850779093,0,0,0
HKF0831,0,37,19,18,1,0.0,0.0,Hiroko Kiona Faulkner,HKF0831,23,42,49,21,24,0.149617123622245,0,0,0
HKI0171,0,38,19,19,1,0.0,0.0,Halla Kendall Irwin,HKI0171,31,17,30,45,27,0.1606630880464933,0,0,0
HKR0628,0,67,19,10,3,0.0,0.0,Halee Keiko Rhodes,HKR0628,21,16,17,16,25,0.0974323452404006,0,0,0
HLH0512,0,55,27,0,2,0.0,0.0,Hadassah Leah Harris,HLH0512,15,42,36,22,32,0.0162128003110744,0,0,0
HLM0933,0,38,19,19,1,0.0,0.0,Hadley Leandra May,HLM0933,36,24,23,43,30,0.1917374961384747,0,0,0
HMM0108,0,72,19,0,2,0.0,0.0,Hakeem Mason Mccall,HMM0108,33,41,17,43,25,0.1193415622197034,0,0,0
HMW0713,0,37,19,19,1,0.0,0.0,Heidi Mia Wilson,HMW0713,38,24,40,36,28,0.2001326025662506,0,0,0
HOB0994,0,37,19,18,1,0.0,0.0,Harrison Oscar Burke,HOB0994,38,39,15,43,33,0.18576011924091,0,0,0
HPH0075,0,62,22,13,1,0.0,0.0,Harper Price Harris,HPH0075,40,42,48,25,28,0.1043318833264533,0,0,0
HPM0986,0,37,19,19,1,0.0,0.0,Hasad Paki Mcfadden,HPM0986,41,36,38,23,24,0.1996886293263108,0,0,0
HPR0585,0,50,19,0,1,0.0,0.0,Hillary Piper Riddle,HPR0585,34,46,15,46,35,0.1300235784038859,0,0,0
HRB0351,0,59,21,11,2,0.0,0.0,Hadassah Riley Baker,HRB0351,19,12,43,42,36,0.0595587969756342,0,0,0
HRD0635,0,81,19,24,5,0.0,0.0,Hadley Rhona Dillon,HRD0635,24,35,18,32,24,0.0648984996677942,0,0,0
HRL0540,0,55,19,22,2,0.0,0.0,Hedwig Regina Livingston,HRL0540,43,38,17,40,18,0.1204498489596274,0,0,0
HRW0550,0,37,19,13,1,0.0,0.0,Howard Raphael Weiss,HRW0550,38,34,24,22,28,0.2085491285486086,0,0,0
HSB0196,0,51,26,0,1,0.0,0.0,Hadley Sonya Bowen,HSB0196,44,13,43,30,33,0.0243890861951324,0,0,0
HSD0457,0,37,19,8,1,0.0,0.0,Hollee Shannon Dudley,HSD0457,38,19,20,42,27,0.184822760621912,0,0,0
HSG0818,0,52,19,18,1,0.0,0.0,Harrison Samuel Gonzales,HSG0818,18,19,48,36,31,0.1441338774989689,0,0,0
HSP0290,0,37,19,0,1,0.0,0.0,Hakeem Stephen Peck,HSP0290,38,15,28,20,27,0.1717051791957298,0,0,0
HTF0641,0,37,19,18,1,0.0,0.0,Hilel Tobias Flynn,HTF0641,38,24,18,22,28,0.2035814588070764,0,0,0
HTH0007,0,52,19,19,1,0.0,0.0,Hyatt Trevor Hayes,HTH0007,37,38,41,20,36,0.1881809794317928,0,0,0
HVB0037,0,44,22,22,1,0.0,0.0,Hollee Vanna Becker,HVB0037,17,42,41,44,26,0.0769651264910248,0,0,0
HVF0067,0,55,19,10,2,0.0,0.0,Hector Vance Foster,HVF0067,44,35,22,43,41,0.1253763458186945,0,0,0
HWH0646,0,51,19,18,1,0.0,0.0,Hadley Willa Hill,HWH0646,17,24,24,21,28,0.1846939729061333,0,0,0
HWM0342,0,39,19,19,2,0.0,0.0,Hanae Wendy Meyer,HWM0342,45,44,41,39,34,0.1604706517250597,0,0,0
HWW0436,0,66,19,12,3,0.0,0.0,Hayes William Wheeler,HWW0436,45,37,23,27,33,0.134307992923054,0,0,0
HWY0038,0,134,19,100,45,0.0,0.0,Howard Wing Yang,HWY0038,47,39,40,22,24,-0.0417485950441313,1,0,1
HXL0968,1,38,19,19,1,0.0,0.0,Holly Xerxes Lara,HXL0968,45,21,35,40,34,0.1790201680809902,0,1,0
IAR0694,0,68,22,13,2,0.0,0.0,Imani Aubrey Ray,IAR0694,12,17,44,40,34,0.0411834672704616,0,0,0
IAT0263,0,38,19,19,1,0.0,0.0,Ivor Amir Tucker,IAT0263,28,23,30,30,27,0.1924072581235794,0,0,0
IBB0359,0,159,19,84,49,0.0,0.0,Ira Brendan Ball,IBB0359,48,33,21,43,38,-0.0594460669576168,1,0,1
IBB0696,0,50,19,19,1,0.0,0.0,Isadora Buffy Brewer,IBB0696,47,13,36,16,33,0.1516236234180075,0,0,0
IBM0671,0,57,19,10,2,0.0,0.0,Ira Benjamin Mays,IBM0671,50,46,38,35,31,0.1362731191136241,0,0,0
IBP0883,0,59,19,8,1,0.0,0.0,Iona Brenda Payne,IBP0883,30,25,15,11,17,0.0869844645001544,0,0,0
IBS0836,0,62,20,23,3,0.0,0.0,Isadora Blaine Shepherd,IBS0836,10,44,50,38,27,0.0389304225049573,0,0,0
ICH0294,0,49,19,0,3,0.0,0.0,Idola Carly Haley,ICH0294,32,27,20,40,26,0.1395808124045041,0,0,0
ICS0956,0,38,19,19,1,0.0,0.0,Ivy Charissa Solis,ICS0956,22,20,18,35,26,0.1858780901110862,0,0,0
IDO0176,0,38,19,19,1,0.0,0.0,Ira Dustin Oneill,IDO0176,34,39,40,24,26,0.2021303335511309,0,0,0
IEB0153,0,39,20,0,1,0.0,0.0,Irma Eugenia Booker,IEB0153,44,25,39,24,36,0.1348436725557115,0,0,0
IHK0841,0,37,19,18,1,0.0,0.0,Ivor Herrod Kaufman,IHK0841,35,23,41,28,29,0.198631230459713,0,0,0
IIA0092,0,38,19,19,1,0.0,0.0,Ingrid Irene Atkins,IIA0092,39,30,42,14,27,0.1821428817429474,0,0,0
IIL0513,0,47,24,0,1,0.0,0.0,Illana Isabelle Lamb,IIL0513,37,13,26,38,34,0.073193510408178,0,0,0
IIW0249,0,47,22,18,2,0.0,0.0,Igor Ishmael Ward,IIW0249,39,36,43,38,28,0.1257803780676324,0,0,0
IJM0139,0,37,19,0,1,0.0,0.0,Irene Jemima Meyers,IJM0139,45,17,15,30,35,0.1476251225339021,0,0,0
IJM0444,0,68,19,13,3,0.0,0.0,Ian Jonas Morrow,IJM0444,36,35,39,35,26,0.1379668331199544,0,0,0
IJM0776,1,37,19,0,1,0.0,0.0,Indira Jocelyn Mack,IJM0776,41,35,19,41,32,0.1911809841773467,0,1,0
IJR0825,0,37,19,18,1,0.0,0.0,Ivor Jelani Robbins,IJR0825,38,42,39,46,32,0.1861566855068455,0,0,0
IJW0851,0,37,19,17,1,0.0,0.0,Isadora Jael Waters,IJW0851,21,10,10,18,34,0.1151311498043105,0,0,0
IKP0472,0,86,27,11,2,0.0,0.0,Ivana Kaitlin Parsons,IKP0472,32,10,37,38,31,-0.0093293603020957,1,0,1
IKR0401,1,37,19,24,1,0.0,0.0,Ivor Kenneth Rollins,IKR0401,40,42,24,16,29,0.1861895209381195,0,1,0
ILC0838,0,37,19,18,1,0.0,0.0,Ivan Levi Craig,ILC0838,40,36,42,16,33,0.1910078856871514,0,0,0
ILH0958,0,68,19,22,4,0.0,0.0,Irene Lacota Huffman,ILH0958,28,17,20,19,24,0.088345092008616,0,0,0
ILJ0526,0,71,20,0,4,0.0,0.0,Idola Lana Jarvis,ILJ0526,33,50,23,46,25,0.0420681200974886,0,0,0
ILR0304,0,37,19,0,1,0.0,0.0,Ivory Leandra Rogers,ILR0304,20,22,18,46,30,0.1576224241445598,0,0,0
IMB0481,0,37,19,0,1,0.0,0.0,Isabelle Maggie Benjamin,IMB0481,19,41,38,43,38,0.140149270784913,0,0,0
IMG0320,0,38,19,19,1,0.0,0.0,Isabella Marah Graham,IMG0320,37,14,12,24,23,0.13993149594206,0,0,0
IMP0530,0,37,19,0,1,0.0,0.0,Irma Melanie Patrick,IMP0530,40,17,42,50,32,0.1344667009095864,0,0,0
IRM0931,0,99,26,36,2,0.0,0.0,Ignatius Reese Morton,IRM0931,44,46,33,35,30,0.0060049070220652,0,0,0
IRT0491,0,37,19,0,1,0.0,0.0,Iris Rhea Terrell,IRT0491,17,30,27,41,32,0.1583490244657167,0,0,0
IUB0565,1,37,19,0,1,0.0,0.0,Isaiah Upton Buchanan,IUB0565,44,39,35,22,30,0.1967208172464971,0,1,0
IUY0279,0,53,19,0,2,0.0,0.0,Igor Ulric Yang,IUY0279,38,38,17,21,29,0.1683193760567085,0,0,0
IWM0816,0,52,19,18,1,0.0,0.0,Ira Wyatt Moss,IWM0816,35,42,50,44,28,0.1504418682555111,0,0,0
IYB0918,0,37,19,18,1,0.0,0.0,Illana Yvette Bradshaw,IYB0918,17,21,42,14,30,0.1748673516469418,0,0,0
JAD0609,0,47,19,14,3,0.0,0.0,Jana Amanda Dorsey,JAD0609,18,23,26,36,33,0.1366225042674142,0,0,0
JAJ0849,0,72,24,25,2,0.0,0.0,Jaquelyn Angelica Jimenez,JAJ0849,22,24,23,23,33,0.0540010644011486,0,0,0
JAM0382,0,38,19,12,1,0.0,0.0,Jena Audrey Malone,JAM0382,25,23,41,17,23,0.1751293841380822,0,0,0
JAV0361,0,146,19,95,54,0.0,0.0,Joseph Alan Vaughan,JAV0361,36,45,40,45,33,-0.0514727329170954,1,0,1
JBD0616,0,56,19,11,2,0.0,0.0,Jocelyn Brenna Daniels,JBD0616,40,21,25,37,27,0.1674623321849314,0,0,0
JBM0350,0,47,19,29,2,0.0,0.0,Jocelyn Bree Mccray,JBM0350,37,21,12,45,25,0.0937419425371932,0,0,0
JCC0225,0,144,19,101,54,0.0,0.0,Jack Carlos Cannon,JCC0225,47,45,40,15,18,-0.0790949693904121,1,0,1
JCG0316,0,66,19,21,2,0.0,0.0,Josiah Chester Gray,JCG0316,47,36,32,25,33,0.1446174677726899,0,0,0
JCR0172,0,62,23,23,1,0.0,0.0,Jaquelyn Cassandra Roberson,JCR0172,43,41,41,39,31,0.1094567762707316,0,0,0
JCR0289,0,37,19,0,1,0.0,0.0,Jena Chanda Rollins,JCR0289,32,43,33,33,29,0.1923689135353727,0,0,0
JCR0770,0,37,19,0,1,0.0,0.0,Jared Cameron Rosa,JCR0770,40,47,24,21,27,0.1741522883979867,0,0,0
JCR0921,0,37,19,18,1,0.0,0.0,Jonas Connor Riddle,JCR0921,47,46,31,40,34,0.1625205260564384,0,0,0
JCV0245,0,37,19,11,1,0.0,0.0,James Cain Vargas,JCV0245,40,44,22,20,27,0.1997957479821322,0,0,0
JCW0858,0,37,19,19,1,0.0,0.0,Jeanette Cally Whitfield,JCW0858,14,35,22,41,39,0.1367933151843686,0,0,0
JDB0169,0,51,19,19,1,0.0,0.0,Jonah Dakota Bird,JDB0169,20,14,23,48,33,0.1307116841012851,0,0,0
JDC0030,0,79,26,25,2,0.0,0.0,Jenna Darrel Charles,JDC0030,31,18,19,21,26,0.0315463908443124,0,0,0
JDF0593,0,70,22,10,3,0.0,0.0,Jameson Damian Franco,JDF0593,30,45,11,41,29,0.0423730397854299,0,0,0
JER0404,0,37,19,25,1,0.0,0.0,Jeanette Eliana Rivera,JER0404,38,46,18,16,30,0.1661360115283585,0,0,0
JFC0557,0,51,19,0,1,0.0,0.0,Jade Felicia Caldwell,JFC0557,22,16,23,40,33,0.1601101597627733,0,0,0
JFC0757,0,38,19,0,1,0.0,0.0,Jolene Frances Carey,JFC0757,31,21,38,36,38,0.1664435275589323,0,0,0
JGM0934,0,53,19,19,1,0.0,0.0,Jared Geoffrey Morin,JGM0934,30,22,41,22,31,0.186302399715683,0,0,0
JGT0221,1,156,19,102,58,0.0,0.0,Jonathan Gary Terry,JGT0221,45,30,16,40,18,-0.067586872107493,1,1,1
JHP0583,0,76,22,6,2,0.0,0.0,Jorden Helen Pierce,JHP0583,37,25,40,42,37,0.0634532083827787,0,0,0
JIG0128,0,37,19,18,1,0.0,0.0,Josephine Indira Garza,JIG0128,25,45,35,18,27,0.1752638326830806,0,0,0
JIM0095,0,37,19,19,1,0.0,0.0,Jane Ignacia Mcdonald,JIM0095,10,18,21,15,35,0.139392787105883,0,0,0
JJB0127,0,37,19,18,1,0.0,0.0,Jin Jonathan Buckley,JJB0127,26,21,38,30,32,0.1983776551186543,0,0,0
JJB0700,0,39,19,19,2,0.0,0.0,Julie Jaime Burns,JJB0700,15,19,39,37,28,0.1535030789249751,0,0,0
JJH0292,0,53,19,0,2,0.0,0.0,Jane Justina Hunt,JJH0292,35,23,38,39,28,0.1665291598452269,0,0,0
JJH0613,0,59,19,13,2,0.0,0.0,Jael Jennifer Hansen,JJH0613,50,30,24,14,26,0.1156247736921612,0,0,0
JJM0203,1,62,19,23,2,0.0,0.0,Jonathan John Martinez,JJM0203,37,36,18,30,28,0.1674984028051499,0,1,0
JKB0126,0,37,19,18,1,0.0,0.0,Jaden Kylan Buckley,JKB0126,43,24,19,33,28,0.1955559052805042,0,0,0
JKF0465,0,41,21,11,1,0.0,0.0,Jerry Kennan Fischer,JKF0465,10,37,12,17,32,0.0697006894697425,0,0,0
JKJ0698,0,54,27,26,2,0.0,0.0,Jescie Kristen Jenkins,JKJ0698,16,38,16,22,28,0.0160329616617032,0,0,0
JKM0303,0,37,19,0,1,0.0,0.0,Joel Kennan Mccarty,JKM0303,46,10,44,15,35,0.109073527814813,0,0,0
JLM0364,1,136,19,91,48,0.0,0.0,Jacqueline Latifah Miles,JLM0364,35,22,15,25,37,-0.0451021119193969,1,1,1
JLW0053,0,37,19,22,1,0.0,0.0,Jackson Linus Wilkerson,JLW0053,42,41,18,38,31,0.192707854820722,0,0,0
JMB0308,1,38,19,19,1,0.0,0.0,Jarrod Malik Burris,JMB0308,41,44,34,14,32,0.1837129679470623,0,1,0
JMC0925,0,74,19,26,2,0.0,0.0,Jade Maris Coleman,JMC0925,33,10,23,19,31,0.1011805992216349,0,0,0
JMD0520,0,52,19,2,1,0.0,0.0,Jane Maite Dotson,JMD0520,21,45,16,38,29,0.1518695532297717,0,0,0
JMH0543,0,52,19,12,1,0.0,0.0,Jermaine Mannix Hansen,JMH0543,44,25,37,13,34,0.164741071744441,0,0,0
JMK0099,0,66,19,21,2,0.0,0.0,Jakeem Magee Knight,JMK0099,40,37,41,41,25,0.1455803764020703,0,0,0
JML0909,0,52,19,0,1,0.0,0.0,Jenette McKenzie Lynn,JML0909,24,32,39,40,21,0.144756380236991,0,0,0
JMW0638,0,37,19,18,1,0.0,0.0,Jonah Merritt Wilder,JMW0638,43,21,30,18,30,0.2008407641462199,0,0,0
JNA0559,0,37,19,0,1,0.0,0.0,Justine Nola Adkins,JNA0559,10,10,41,10,31,0.0822069766108813,0,0,0
JNJ0556,0,37,19,0,1,0.0,0.0,Jaden Nicole Johnston,JNJ0556,43,45,22,33,34,0.172636446299566,0,0,0
JOL0024,0,37,19,19,1,0.0,0.0,John Omar Lancaster,JOL0024,50,40,24,21,29,0.1818432191015924,0,0,0
JOM0750,0,37,19,9,1,0.0,0.0,Jonathan Orlando Marsh,JOM0750,35,46,25,40,29,0.1816877168968812,0,0,0
JPA0667,0,38,19,10,1,0.0,0.0,John Price Atkins,JPA0667,49,42,34,35,27,0.1775555114069344,0,0,0
JPW0741,0,37,19,11,1,0.0,0.0,Josiah Preston Wall,JPW0741,40,38,44,30,33,0.186314680443585,0,0,0
JRF0835,0,37,19,18,1,0.0,0.0,Jessica Rachel Freeman,JRF0835,44,33,18,37,18,0.1524849613270363,0,0,0
JRG0207,1,38,19,19,1,0.0,0.0,Joseph Raja Gaines,JRG0207,42,37,40,21,27,0.2049671920452902,0,1,0
JRH0455,0,37,19,11,1,0.0,0.0,Jeremy Rooney Henderson,JRH0455,19,21,42,20,34,0.1850378083390039,0,0,0
JRL0574,0,37,19,0,1,0.0,0.0,Joy Rosalyn Leblanc,JRL0574,19,26,35,47,40,0.1197014154387537,0,0,0
JRS0362,0,176,19,110,67,0.0,0.0,Jackson Rafael Sutton,JRS0362,50,50,14,37,24,-0.0879080389427223,1,0,1
JSA0775,0,37,19,0,1,0.0,0.0,Julian Samson Allen,JSA0775,50,46,42,19,33,0.1377339554358124,0,0,0
JSH0330,0,37,19,19,1,0.0,0.0,Judith Shaeleigh Hayden,JSH0330,20,16,23,24,28,0.1899065037118311,0,0,0
JTM0223,1,196,19,124,63,0.0,0.0,Jerry Tad Mccall,JTM0223,35,48,20,21,30,-0.0881396845360056,1,1,1
JTS0389,0,50,19,12,3,0.0,0.0,Josiah Thaddeus Stewart,JTS0389,31,36,11,44,32,0.1221454530739331,0,0,0
JXH0493,0,37,19,0,1,0.0,0.0,Justin Xerxes Hansen,JXH0493,36,32,23,15,31,0.1849330143034898,0,0,0
JZD0888,0,37,19,0,1,0.0,0.0,Jane Zia Day,JZD0888,20,20,30,14,30,0.1725974322857514,0,0,0
KAC0124,0,37,19,18,1,0.0,0.0,Kathleen Aline Chan,KAC0124,33,14,30,18,33,0.1800412517522179,0,0,0
KAL0395,0,37,19,22,1,0.0,0.0,Kay Alexa Logan,KAL0395,13,24,22,28,29,0.1637227318888467,0,0,0
KAT0270,0,37,19,19,1,0.0,0.0,Kirby Amity Tyson,KAT0270,21,24,39,23,27,0.1954154377342827,0,0,0
KAT0489,0,37,19,0,1,0.0,0.0,Katell Amethyst Thornton,KAT0489,22,41,36,23,26,0.1777551701447715,0,0,0
KBB0189,0,38,19,19,1,0.0,0.0,Kaye Brianna Blair,KBB0189,49,23,16,33,30,0.1689479262711435,0,0,0
KBC0054,0,37,19,0,1,0.0,0.0,Kyla Blythe Carter,KBC0054,42,43,17,41,32,0.1807008234293744,0,0,0
KBG0549,0,53,19,10,2,0.0,0.0,Kylie Brielle Greer,KBG0549,16,19,37,10,32,0.1208416328149265,0,0,0
KBL0260,0,37,19,19,1,0.0,0.0,Kermit Beau Leach,KBL0260,16,15,48,16,32,0.144422058337972,0,0,0
KBP0008,0,73,19,21,2,0.0,0.0,Kirby Bo Pollard,KBP0008,23,18,40,11,34,0.105544417787404,0,0,0
KBS0874,0,51,19,19,1,0.0,0.0,Kay Brynne Spears,KBS0874,23,39,37,33,29,0.1892587467180216,0,0,0
KCB0815,0,52,19,18,1,0.0,0.0,Kaden Chastity Briggs,KCB0815,16,40,18,36,31,0.1751992840606824,0,0,0
KCF0045,0,148,19,102,54,0.0,0.0,Kendall Ciaran Frank,KCF0045,40,39,16,27,31,-0.0229010782629195,1,0,1
KCO0122,0,56,19,23,2,0.0,0.0,Kermit Coby Oliver,KCO0122,30,32,26,38,33,0.1604158100219797,0,0,0
KCS0173,0,59,19,19,3,0.0,0.0,Kenyon Chancellor Sharpe,KCS0173,39,20,50,20,30,0.1199014888841754,0,0,0
KDS0349,0,38,19,9,1,0.0,0.0,Kim Dara Sullivan,KDS0349,18,23,20,32,29,0.1865804669558209,0,0,0
KDT0346,0,53,19,19,1,0.0,0.0,Kibo Dolan Turner,KDT0346,36,41,10,22,33,0.157711026888015,0,0,0
KES0729,0,51,19,12,2,0.0,0.0,Kylie Elizabeth Santos,KES0729,20,10,24,45,31,0.1142592235989768,0,0,0
KJA0152,0,37,19,0,1,0.0,0.0,Kimberley Joy Anderson,KJA0152,16,16,39,38,34,0.1569699427202769,0,0,0
KJG0910,0,37,19,0,1,0.0,0.0,Kermit Jonas Gould,KJG0910,37,10,31,18,29,0.1549035623388957,0,0,0
KJJ0293,0,66,19,0,2,0.0,0.0,Kirk Jakeem Joyce,KJJ0293,41,42,23,39,33,0.1465732047587562,0,0,0
KJM0887,0,37,19,0,1,0.0,0.0,Kibo Josiah Murray,KJM0887,31,47,14,16,32,0.1464366887512518,0,0,0
KJP0371,0,162,19,94,60,0.0,0.0,Kyla Jocelyn Porter,KJP0371,36,21,25,15,30,-0.042813493018295,1,0,1
KJS0618,0,37,19,10,1,0.0,0.0,Kay Janna Snider,KJS0618,19,15,20,10,37,0.1282164169307863,0,0,0
KJW0416,0,37,19,8,1,0.0,0.0,Katell Jasmine Wiggins,KJW0416,50,46,39,41,30,0.1498903475040636,0,0,0
KKC0683,0,37,19,11,1,0.0,0.0,Kessie Kay Cooper,KKC0683,32,37,37,48,35,0.1679275807462328,0,0,0
KKS0119,0,52,19,19,1,0.0,0.0,Kimberley Kiona Sosa,KKS0119,15,28,39,33,27,0.1676184000197855,0,0,0
KKW0879,0,43,20,22,2,0.0,0.0,Keane Kennan Watts,KKW0879,36,42,21,31,27,0.1445492811827013,0,0,0
KLH0596,1,37,19,0,1,0.0,0.0,Kasper Lance Huffman,KLH0596,30,10,35,12,29,0.1395650575061825,0,1,0
KLM0639,0,37,19,18,1,0.0,0.0,Katelyn Lani Murray,KLM0639,20,15,24,40,26,0.1653837261070241,0,0,0
KMB0922,0,62,20,28,3,0.0,0.0,Keegan Marvin Benson,KMB0922,43,43,17,24,27,0.1066667538725814,0,0,0
KMS0657,0,37,19,18,1,0.0,0.0,Kay Maxine Skinner,KMS0657,17,31,21,17,29,0.1840970967035537,0,0,0
KMW0545,0,50,19,11,1,0.0,0.0,Keely Mollie Weiss,KMW0545,19,16,18,23,32,0.1760883973434572,0,0,0
KNB0022,0,38,19,19,1,0.0,0.0,Keane Nicholas Blevins,KNB0022,22,38,45,16,30,0.174708060656222,0,0,0
KNG0672,0,38,19,11,1,0.0,0.0,Kasimir Nehru Galloway,KNG0672,21,40,18,20,27,0.1889124896186504,0,0,0
KNW0644,0,37,19,18,1,0.0,0.0,Keiko Naida Webb,KNW0644,15,20,23,15,25,0.1695704535009485,0,0,0
KPC0073,1,37,19,12,1,0.0,0.0,Kareem Porter Collins,KPC0073,44,30,11,16,23,0.145722191003742,0,1,0
KPP0452,0,37,19,10,1,0.0,0.0,Kai Penelope Peck,KPP0452,44,46,44,16,19,0.1133475992456158,0,0,0
KPR0497,0,70,19,0,2,0.0,0.0,Kirk Palmer Rosales,KPR0497,50,43,43,20,29,0.1079949557802477,0,0,0
KQC0708,0,37,19,19,1,0.0,0.0,Kevyn Quin Charles,KQC0708,34,18,39,42,23,0.1663156603643641,0,0,0
KQS0415,0,37,19,13,1,0.0,0.0,Kane Quinlan Stevenson,KQS0415,35,42,13,14,34,0.1520637858693226,0,0,0
KRG0158,0,38,19,19,1,0.0,0.0,Kenyon Raja Galloway,KRG0158,34,38,42,14,27,0.1863438171073022,0,0,0
KRL0062,0,38,19,19,1,0.0,0.0,Keaton Ronan Leonard,KRL0062,37,16,17,20,33,0.1820929698436429,0,0,0
KRL0501,1,37,19,0,1,0.0,0.0,Kirby Ruby Lyons,KRL0501,18,27,23,28,26,0.172692213040442,0,1,0
KRM0541,0,37,19,12,1,0.0,0.0,Kimberley Roary Maldonado,KRM0541,40,20,38,36,23,0.1820447350839117,0,0,0
KRV0372,0,158,19,98,58,0.0,0.0,Kennedy Robert Vega,KRV0372,40,39,25,35,32,-0.0304008239780207,1,0,1
KSH0569,0,37,19,0,1,0.0,0.0,Kameko Signe Harrison,KSH0569,15,39,23,14,22,0.1235803158886061,0,0,0
KSP0357,0,154,19,92,58,0.0,0.0,Kennedy Shad Parker,KSP0357,41,40,29,19,24,-0.0321929886381635,1,0,1
KSP0966,0,38,19,19,1,0.0,0.0,Kenneth Steel Porter,KSP0966,42,36,19,24,35,0.19417911139017,0,0,0
KTG0091,0,38,19,19,1,0.0,0.0,Kendall Thaddeus Glover,KTG0091,46,41,16,15,29,0.1777600920493916,0,0,0
KVS0425,0,37,19,11,1,0.0,0.0,Kirestin Vanna Sykes,KVS0425,20,19,21,30,35,0.1839784992591724,0,0,0
KVT0028,0,37,19,20,1,0.0,0.0,Kessie Vielka Trevino,KVT0028,44,20,35,19,37,0.1721941837790395,0,0,0
KWC0004,0,37,19,10,1,0.0,0.0,Kai Wynne Craft,KWC0004,23,38,39,20,27,0.19021612072676,0,0,0
KWE0082,0,53,19,11,1,0.0,0.0,Kane Walter Eaton,KWE0082,38,43,19,48,35,0.1577132710565257,0,0,0
LAF0991,0,50,19,18,1,0.0,0.0,Lucas Ahmed Ferrell,LAF0991,40,39,36,22,34,0.1966842042209517,0,0,0
LAM0911,0,50,19,18,1,0.0,0.0,Lillith Adena Matthews,LAM0911,42,43,27,38,22,0.1726920798029756,0,0,0
LAP0338,0,75,27,27,1,0.0,0.0,Lynn Adena Pratt,LAP0338,42,23,33,45,31,0.0099020712230045,0,0,0
LBC0356,0,175,19,96,59,0.0,0.0,Logan Branden Cherry,LBC0356,40,30,40,21,41,-0.0653062860489898,1,0,1
LBF0214,0,91,25,33,2,0.0,0.0,Leslie Briar Fields,LBF0214,18,44,18,38,28,0.006139360542259,0,0,0
LBH0942,0,66,25,25,1,0.0,0.0,Lyle Brady Hayes,LBH0942,40,42,23,30,29,0.0801211293307534,0,0,0
LCB0664,0,56,19,11,2,0.0,0.0,Lysandra Chastity Brennan,LCB0664,16,19,36,24,32,0.1608143001299029,0,0,0
LCC0819,1,37,19,18,1,0.0,0.0,Leslie Cassandra Colon,LCC0819,32,14,11,15,27,0.146978081829157,0,1,0
LCD0622,0,37,19,13,1,0.0,0.0,Leo Chaney Daugherty,LCD0622,30,26,13,14,26,0.1626162718503662,0,0,0
LDB0090,0,38,19,19,1,0.0,0.0,Lani Dai Beard,LDB0090,40,14,39,41,34,0.1608499243316189,0,0,0
LDD0560,0,51,23,4,2,0.0,0.0,Leslie Denise Dillon,LDD0560,25,43,39,26,35,0.0792796737620552,0,0,0
LDG0459,0,66,19,9,3,0.0,0.0,Lacota Dahlia Good,LDG0459,20,41,10,50,34,0.0537780544835103,0,0,0
LDM0587,0,37,19,0,1,0.0,0.0,Lila Dana Mcintyre,LDM0587,49,20,23,21,26,0.1610758680977453,0,0,0
LEM0605,0,37,19,11,1,0.0,0.0,Leo Elmo Monroe,LEM0605,46,50,40,39,26,0.1526238955308562,0,0,0
LFS0071,0,37,19,10,1,0.0,0.0,Lamar Francis Scott,LFS0071,48,31,14,17,25,0.1539008682625777,0,0,0
LHB0606,0,37,19,9,1,0.0,0.0,Louis Hyatt Bruce,LHB0606,37,38,15,27,27,0.1926973001155971,0,0,0
LHB0967,0,38,19,19,1,0.0,0.0,Leo Hasad Byrd,LHB0967,37,38,41,47,33,0.1827222947134807,0,0,0
LHL0309,0,38,19,19,1,0.0,0.0,Lacota Hilda Lindsey,LHL0309,19,34,27,46,37,0.1476245108825782,0,0,0
LHN0151,0,37,19,0,1,0.0,0.0,Lacota Helen Nash,LHN0151,13,15,19,32,26,0.1455636434562623,0,0,0
LIM0674,0,65,19,13,2,0.0,0.0,Leah Idola Moran,LIM0674,18,13,35,49,20,0.0593040941387941,0,0,0
LJB0826,0,37,19,18,1,0.0,0.0,Laith Jason Britt,LJB0826,38,21,39,15,32,0.1932844125430566,0,0,0
LJJ0905,0,43,19,0,2,0.0,0.0,Lionel Jasper Johnston,LJJ0905,43,36,12,22,30,0.1421031831693021,0,0,0
LJR0523,1,37,19,0,1,0.0,0.0,Lavinia Justine Richmond,LJR0523,32,21,11,33,25,0.1460625974102463,0,1,0
LJT0817,0,53,19,18,2,0.0,0.0,Luke Jacob Talley,LJT0817,39,43,38,39,24,0.1633431751274044,0,0,0
LLV0602,0,37,19,11,1,0.0,0.0,Lee Lacey Velez,LLV0602,36,10,36,37,33,0.153357308754292,0,0,0
LMF0980,0,50,19,19,1,0.0,0.0,Leonard Malachi Floyd,LMF0980,42,45,12,44,35,0.131449763447948,0,0,0
LNR0656,0,37,19,18,1,0.0,0.0,Lacey Nomlanga Rasmussen,LNR0656,25,39,12,30,23,0.1512872400920842,0,0,0
LNS0989,0,60,19,21,2,0.0,0.0,Lamar Nissim Strickland,LNS0989,34,38,45,30,31,0.1572729931253558,0,0,0
LOF0311,0,38,19,19,1,0.0,0.0,Lionel Omar Fisher,LOF0311,41,15,36,10,32,0.1579145783432013,0,0,0
LOM0086,0,56,19,18,2,0.0,0.0,Lane Oleg Mclaughlin,LOM0086,18,10,34,23,33,0.1284372842077674,0,0,0
LPC0492,0,37,19,0,1,0.0,0.0,Lenore Piper Cardenas,LPC0492,30,23,22,30,26,0.1862119241737559,0,0,0
LPH0572,0,37,19,0,1,0.0,0.0,Lunea Priscilla Hardy,LPH0572,40,13,17,38,36,0.1427486695999594,0,0,0
LQC0479,1,37,19,0,1,0.0,0.0,Leilani Quail Callahan,LQC0479,27,38,34,17,36,0.1705397653873939,0,1,0
LQP0508,0,64,19,0,3,0.0,0.0,Lester Quamar Pearson,LQP0508,26,44,21,40,27,0.1233361013327366,0,0,0
LRR0148,0,79,21,27,2,0.0,0.0,Libby Rosalyn Richard,LRR0148,21,19,14,14,29,0.0487968048296446,0,0,0
LRW0970,0,38,19,19,1,0.0,0.0,Lilah Renee Wagner,LRW0970,10,26,39,22,28,0.1667740921466694,0,0,0
LTS0860,0,37,19,19,1,0.0,0.0,Leila Tallulah Steele,LTS0860,48,20,29,20,31,0.1838463827865178,0,0,0
LUR0896,0,45,19,2,3,0.0,0.0,Leonard Uriel Ramos,LUR0896,15,11,47,43,28,0.047635663911432,0,0,0
MAD0496,0,49,25,0,1,0.0,0.0,Martin Armand Douglas,MAD0496,34,30,40,42,24,0.0628664368182347,0,0,0
MAD0753,0,37,19,7,1,0.0,0.0,Mallory Alexis Daniel,MAD0753,50,30,36,41,33,0.155211786396049,0,0,0
MAE0331,0,37,19,19,1,0.0,0.0,Magee Ashton Evans,MAE0331,36,39,18,12,28,0.1815713811499866,0,0,0
MAH0149,0,51,19,0,1,0.0,0.0,Myles August Heath,MAH0149,41,39,38,27,40,0.1557818048052917,0,0,0
MAH0864,0,37,19,19,1,0.0,0.0,Malik Adrian Hebert,MAH0864,30,46,25,20,25,0.1822937236336702,0,0,0
MAR0955,1,38,19,19,1,0.0,0.0,Micah Abdul Rojas,MAR0955,36,44,23,44,25,0.1833021124853538,0,1,0
MAS0025,1,37,19,19,1,0.0,0.0,Melissa Ava Stuart,MAS0025,23,14,20,21,23,0.1683468186142446,0,1,0
MAW0166,0,38,19,19,1,0.0,0.0,Meredith Ainsley Wolf,MAW0166,44,16,21,17,34,0.1745389093844745,0,0,0
MBG0438,0,37,19,13,1,0.0,0.0,Melvin Brody Garza,MBG0438,38,17,37,16,29,0.1902752145769052,0,0,0
MBJ0312,0,56,19,19,2,0.0,0.0,Meghan Brianna Jensen,MBJ0312,22,45,49,12,26,0.0837507929287337,0,0,0
MBR0724,0,37,19,19,1,0.0,0.0,Montana Basia Roberts,MBR0724,33,44,18,35,31,0.1993375322498897,0,0,0
MBW0809,0,37,19,18,1,0.0,0.0,Marshall Benjamin Wilcox,MBW0809,43,45,44,18,19,0.1285578300237541,0,0,0
MCD0125,0,79,24,24,2,0.0,0.0,Mallory Charissa Dixon,MCD0125,36,26,50,22,23,0.0268045160645284,0,0,0
MCF0327,0,38,19,19,1,0.0,0.0,Martina Cassandra Fields,MCF0327,39,41,24,44,25,0.190763671014377,0,0,0
MCF0600,1,57,23,0,2,0.0,0.0,Maxwell Clark Faulkner,MCF0600,39,49,13,26,27,0.0462124659371975,0,1,0
MCJ0324,0,38,19,19,1,0.0,0.0,Melodie Chantale Joyce,MCJ0324,28,20,40,20,36,0.1851912264047654,0,0,0
MCS0035,0,38,19,19,1,0.0,0.0,Mallory Carol Spence,MCS0035,42,17,38,15,33,0.1805407794504135,0,0,0
MCT0720,0,37,19,19,1,0.0,0.0,Macey Christen Turner,MCT0720,34,12,20,22,37,0.1653055851367197,0,0,0
MDH0580,1,37,19,0,1,0.0,0.0,Morgan Deborah Hoover,MDH0580,41,37,18,40,31,0.1939104915679332,0,1,0
MDH0686,0,71,24,15,2,0.0,0.0,Maxwell Dante Hutchinson,MDH0686,37,43,31,20,38,0.0584483776386904,0,0,0
MDM0625,0,57,19,8,2,0.0,0.0,Melyssa Deirdre Morgan,MDM0625,18,42,36,27,24,0.1360882342683615,0,0,0
MDM0976,0,37,19,11,1,0.0,0.0,Myles Donovan Macias,MDM0976,41,40,38,20,31,0.2082779360919879,0,0,0
MES0407,0,37,19,10,1,0.0,0.0,Minerva Emerald Solomon,MES0407,38,44,25,47,37,0.163767541265385,0,0,0
MFV0897,0,37,19,0,1,0.0,0.0,Meredith Florence Valdez,MFV0897,18,13,23,25,33,0.1602562628089071,0,0,0
MGS0974,0,47,21,10,2,0.0,0.0,Mari Gretchen Shaw,MGS0974,17,39,39,40,27,0.108026382245066,0,0,0
MHA0798,0,37,19,0,1,0.0,0.0,Montana Hannah Arnold,MHA0798,11,27,17,22,40,0.1157653018729972,0,0,0
MHG0244,0,37,19,9,1,0.0,0.0,Matthew Harper Glass,MHG0244,42,46,21,15,22,0.1500253018806868,0,0,0
MHG0733,0,37,19,9,1,0.0,0.0,Maxwell Hammett Green,MHG0733,43,30,24,42,29,0.1909062202581111,0,0,0
MHH0180,0,58,21,21,1,0.0,0.0,Merrill Hiram Hess,MHH0180,19,41,35,10,29,0.0862552754131715,0,0,0
MIB0904,0,50,19,0,1,0.0,0.0,Margaret Illana Burch,MIB0904,22,21,34,38,25,0.1627800328999899,0,0,0
MIC0726,0,37,19,10,1,0.0,0.0,Martin Ivan Cooper,MIC0726,32,41,43,17,23,0.1719171612215433,0,0,0
MIL0255,0,37,19,19,1,0.0,0.0,Mercedes Ina Landry,MIL0255,38,16,39,21,27,0.1908318356468768,0,0,0
MIM0712,0,37,19,19,1,0.0,0.0,Mariko Ivana Mckee,MIM0712,16,15,39,23,22,0.1605532500106917,0,0,0
MJB0588,0,37,19,0,1,0.0,0.0,Mikayla Jaden Barron,MJB0588,39,24,15,47,38,0.1282955808144943,0,0,0
MJM0510,0,70,19,0,3,0.0,0.0,Macon Joseph Morrison,MJM0510,32,33,22,18,39,0.0907690432637079,0,0,0
MJS0890,0,37,19,0,1,0.0,0.0,Mira Jamalia Snow,MJS0890,10,26,16,11,29,0.1211344365527635,0,0,0
MKG0711,0,37,19,19,1,0.0,0.0,Myra Kay Greer,MKG0711,17,26,43,32,38,0.1561433971790629,0,0,0
MKL0941,0,38,19,19,1,0.0,0.0,Madonna Kristen Love,MKL0941,16,26,20,38,30,0.1797655615768594,0,0,0
MKP0861,0,53,19,19,1,0.0,0.0,Macon Kyle Pope,MKP0861,36,42,39,34,29,0.2003342617086928,0,0,0
MKS0204,0,37,19,19,1,0.0,0.0,MacKenzie Kristen Stewart,MKS0204,21,30,21,16,31,0.189624599785966,0,0,0
MKW0441,0,52,19,11,2,0.0,0.0,Macy Karleigh Winters,MKW0441,15,25,45,20,34,0.1309836565348209,0,0,0
MLD0755,0,50,19,11,1,0.0,0.0,Meredith Lunea Delaney,MLD0755,24,18,19,43,37,0.155029954114653,0,0,0
MLG0475,0,37,19,9,1,0.0,0.0,Melodie Lee Glenn,MLG0475,45,16,18,19,25,0.1705165825727536,0,0,0
MLL0598,0,37,19,0,1,0.0,0.0,Marcia Lillian Lynn,MLL0598,44,17,23,49,29,0.1443829932552682,0,0,0
MLM0950,0,72,23,27,2,0.0,0.0,Madison Lydia Morrison,MLM0950,24,20,29,23,36,0.0572935973802748,0,0,0
MLP0668,0,38,19,11,1,0.0,0.0,Medge Liberty Petersen,MLP0668,40,17,16,43,33,0.1654837856069889,0,0,0
MMB0488,0,37,19,0,1,0.0,0.0,Maggy Melissa Burt,MMB0488,21,18,16,24,27,0.1688089223436567,0,0,0
MMG0943,0,52,19,21,3,0.0,0.0,MacKensie Mara Grant,MMG0943,23,27,28,34,26,0.1400103630091004,0,0,0
MNC0717,0,66,19,23,2,0.0,0.0,Mufutau Nehru Contreras,MNC0717,30,37,22,22,34,0.1543838708241975,0,0,0
MNR0829,0,37,19,18,1,0.0,0.0,Maryam Nelle Ruiz,MNR0829,41,33,40,15,23,0.1789261555149515,0,0,0
MNS0224,0,140,19,95,50,0.0,0.0,Medge Nichole Sims,MNS0224,46,21,22,45,30,-0.0484789759503806,1,0,1
MOH0273,0,45,23,23,1,0.0,0.0,Macaulay Otto Hopkins,MOH0273,39,40,47,50,26,0.0526332048965866,0,0,0
MOP0763,0,38,19,0,1,0.0,0.0,Merritt Oliver Phelps,MOP0763,43,41,22,20,33,0.1869782466322425,0,0,0
MOS0047,1,192,19,129,62,0.0,0.0,Mariko Olga Snyder,MOS0047,49,39,24,34,23,-0.0945006142235569,1,1,1
MPM0220,1,157,19,100,51,0.0,0.0,Meghan Phoebe Macias,MPM0220,35,20,42,22,20,-0.0701574838433415,1,1,1
MPT0376,0,70,20,9,3,0.0,0.0,Meredith Pamela Tanner,MPT0376,19,37,41,48,35,0.0643532716173772,0,0,0
MSD0939,0,38,19,19,1,0.0,0.0,Miriam Shoshana Donovan,MSD0939,24,37,15,42,31,0.1795306351666436,0,0,0
MSG0839,0,37,19,18,1,0.0,0.0,Malcolm Sebastian Garrison,MSG0839,42,46,19,39,29,0.1851978327727441,0,0,0
MSH0040,0,156,19,114,60,0.0,0.0,Megan Simone Hess,MSH0040,41,11,44,27,31,-0.0719353326155114,1,0,1
MSO0222,1,126,19,98,44,0.0,0.0,Medge Serina Obrien,MSO0222,32,12,39,46,28,-0.0588413773940448,1,1,1
MSS0001,0,51,19,9,1,0.0,0.0,Mona Susan Shannon,MSS0001,21,44,24,45,19,0.1264549866477164,0,0,0
MSZ0310,0,38,19,19,1,0.0,0.0,Molly Sacha Zimmerman,MSZ0310,24,38,18,31,29,0.1928817103075866,0,0,0
MTB0620,0,52,19,11,1,0.0,0.0,Malachi Thor Butler,MTB0620,38,44,41,50,28,0.153189450967921,0,0,0
MTT0901,0,49,19,0,1,0.0,0.0,Mohammad Taylor Terrell,MTT0901,41,34,30,40,30,0.1826370532140537,0,0,0
MVB0515,0,60,19,0,3,0.0,0.0,Mallory Virginia Bender,MVB0515,38,14,33,31,28,0.1107037983007836,0,0,0
MVF0594,0,37,19,0,1,0.0,0.0,Mohammad Vladimir Farrell,MVF0594,35,38,33,44,36,0.1740870910727303,0,0,0
MVH0373,0,148,19,96,55,0.0,0.0,Madonna Veronica Hardy,MVH0373,44,19,20,21,25,-0.039213144881555,1,0,1
MYD0978,1,37,19,12,1,0.0,0.0,Mark Yardley Dunlap,MYD0978,39,32,36,13,32,0.1851748192555367,0,1,0
NAB0801,0,37,19,0,1,0.0,0.0,Nelle April Bowen,NAB0801,28,34,10,41,29,0.1436388801466708,0,0,0
NAB0903,0,37,19,0,1,0.0,0.0,Noah Andrew Beck,NAB0903,44,30,19,30,37,0.1638417650419019,0,0,0
NAF0033,0,38,19,19,1,0.0,0.0,Nicolas Alvin Fitzpatrick,NAF0033,34,40,19,35,29,0.2097541511614678,0,0,0
NAF0326,0,80,24,31,6,0.0,0.0,Nichole Azalia Frye,NAF0326,33,15,25,20,30,0.0071146669581463,0,0,0
NAH0503,0,47,21,2,2,0.0,0.0,Nicole Aurelia Hanson,NAH0503,33,17,23,35,38,0.0947222895137857,0,0,0
NAR0981,0,37,19,19,1,0.0,0.0,Nigel Addison Rios,NAR0981,39,39,16,50,36,0.1511269173293462,0,0,0
NBC0412,0,37,19,10,1,0.0,0.0,Nyssa Britanney Carver,NBC0412,14,25,18,18,31,0.1776685627682132,0,0,0
NBH0256,0,37,19,19,1,0.0,0.0,Nicolas Brandon Hendrix,NBH0256,41,43,14,21,22,0.1650874175303113,0,0,0
NCE0097,0,37,19,19,1,0.0,0.0,Nehru Cyrus Everett,NCE0097,48,36,20,11,35,0.1509356837807112,0,0,0
NCH0179,0,37,19,19,1,0.0,0.0,Nina Camille Hodges,NCH0179,17,12,40,17,25,0.1605301075591378,0,0,0
NCK0295,0,37,19,0,1,0.0,0.0,Noble Clinton Klein,NCK0295,31,30,38,36,34,0.1881347578477654,0,0,0
NCK0421,0,37,19,9,1,0.0,0.0,Nash Conan Knight,NCK0421,40,41,18,43,24,0.1808560797537193,0,0,0
NCO0666,0,53,19,11,1,0.0,0.0,Nicholas Cade Owen,NCO0666,40,45,10,12,31,0.1135715737559076,0,0,0
NDM0417,0,61,19,11,2,0.0,0.0,Noble Devin Mack,NDM0417,44,36,50,12,34,0.101241907530958,0,0,0
NGC0058,0,49,23,28,3,0.0,0.0,Nadine Gay Cross,NGC0058,44,45,39,15,27,0.0498559687308852,0,0,0
NGF0157,0,65,21,27,2,0.0,0.0,Nissim Gil French,NGF0157,45,38,22,46,32,0.0917165154845144,0,0,0
NGO0690,0,51,19,13,1,0.0,0.0,Nigel Gareth Ochoa,NGO0690,43,41,41,17,24,0.1653449382125322,0,0,0
NHE0919,0,50,19,18,1,0.0,0.0,Nigel Harrison Estrada,NHE0919,25,16,32,21,24,0.166269817006153,0,0,0
NHH0185,0,37,19,19,1,0.0,0.0,Nathaniel Hunter Heath,NHH0185,41,43,19,21,33,0.1984454648536331,0,0,0
NIH0969,0,52,19,19,1,0.0,0.0,Naida Imelda Hughes,NIH0969,43,25,43,22,22,0.1583290120413216,0,0,0
NJB0243,0,45,19,10,2,0.0,0.0,Norman Jackson Beck,NJB0243,23,35,37,24,34,0.1684270477026455,0,0,0
NJC0705,0,37,19,19,1,0.0,0.0,Nicolas James Cantu,NJC0705,43,39,29,36,31,0.203945814869479,0,0,0
NKH0807,0,37,19,18,1,0.0,0.0,Nicolas Kadeem Hayden,NKH0807,45,44,40,22,20,0.1683175473192797,0,0,0
NKH0979,0,69,19,25,3,0.0,0.0,Nathan Kenneth Hicks,NKH0979,30,39,42,22,35,0.1121712610014248,0,0,0
NKP0236,0,37,19,7,1,0.0,0.0,Nicholas Kato Pennington,NKP0236,45,41,19,40,31,0.1905975259910635,0,0,0
NLO0131,0,37,19,0,1,0.0,0.0,Nevada Leilani Ortega,NLO0131,19,13,46,40,29,0.1302531774714688,0,0,0
NMB0972,0,38,19,19,1,0.0,0.0,Naomi Meredith Baxter,NMB0972,45,22,17,20,29,0.1920633254019343,0,0,0
NMC0486,0,37,19,0,1,0.0,0.0,Nicole Macey Craig,NMC0486,42,10,23,21,27,0.1576971953280413,0,0,0
NMF0780,0,37,19,0,1,0.0,0.0,Noble Merrill Fuller,NMF0780,44,38,36,20,34,0.1855540015915605,0,0,0
NMG0766,0,38,19,0,1,0.0,0.0,Nichole Melodie Gilbert,NMG0766,16,23,42,40,31,0.1652073094493817,0,0,0
NMS0280,0,49,25,0,1,0.0,0.0,Nell Mari Schneider,NMS0280,39,42,26,37,27,0.0949784213269321,0,0,0
NNA0610,0,37,19,12,1,0.0,0.0,Nola Nerea Ayala,NNA0610,21,35,18,43,26,0.1756736123907847,0,0,0
NNS0059,0,37,19,19,1,0.0,0.0,Noah Nathan Shaffer,NNS0059,42,23,48,23,25,0.1689500951561662,0,0,0
NOB0181,0,83,26,28,2,0.0,0.0,Nevada Odette Bass,NOB0181,31,21,21,41,25,0.016002335174534,0,0,0
NRD0548,0,37,19,9,1,0.0,0.0,Nissim Rafael Delacruz,NRD0548,41,37,41,15,31,0.1888625326397912,0,0,0
NRF0137,0,37,19,0,1,0.0,0.0,Noel Reagan Foster,NRF0137,10,49,38,17,32,0.1109676385910722,0,0,0
NRO0768,0,37,19,0,1,0.0,0.0,Nora Regina Oconnor,NRO0768,18,18,41,25,36,0.1652665539579321,0,0,0
NSC0597,0,37,19,0,1,0.0,0.0,Neve Sarah Crane,NSC0597,19,13,11,44,31,0.1068348163899439,0,0,0
NSS0876,0,37,19,19,1,0.0,0.0,Natalie Sheila Santiago,NSS0876,26,20,25,42,31,0.1884115521969295,0,0,0
NUL0471,0,49,19,9,1,0.0,0.0,Nero Uriel Little,NUL0471,35,38,38,26,37,0.1836640787598655,0,0,0
NWK0215,0,71,25,27,1,0.0,0.0,Noelani Wynter Kennedy,NWK0215,21,19,45,18,24,0.0247602143856254,0,0,0
NWT0098,1,37,19,19,1,0.0,0.0,Nehru Wyatt Tate,NWT0098,35,39,26,36,33,0.2068624326785671,0,1,0
OBH0499,0,78,25,2,2,0.0,0.0,Orson Barrett Houston,OBH0499,35,18,41,16,34,0.0320276675751407,0,0,0
OCB0805,0,37,19,0,1,0.0,0.0,Oren Curran Brady,OCB0805,37,33,42,16,18,0.1243783578468024,0,0,0
OCS0865,0,51,19,19,1,0.0,0.0,Oren Clinton Sharpe,OCS0865,29,24,43,35,32,0.1762210293527057,0,0,0
OHC0973,0,38,19,19,1,0.0,0.0,Otto Hedley Chase,OHC0973,42,24,42,17,35,0.1806862572215345,0,0,0
OJK0233,0,37,19,21,1,0.0,0.0,Octavius Judah Kirby,OJK0233,40,36,14,22,33,0.1855857567740915,0,0,0
OKB0439,0,37,19,10,1,0.0,0.0,Oleg Kane Britt,OKB0439,41,42,30,25,27,0.2053452840956902,0,0,0
OKC0107,0,37,19,0,1,0.0,0.0,Octavius Kelly Castaneda,OKC0107,32,40,16,47,35,0.1539216468366262,0,0,0
OLB0749,0,37,19,13,1,0.0,0.0,Oscar Laith Berger,OLB0749,43,35,20,39,36,0.1917308077749877,0,0,0
OLF0504,0,37,19,0,1,0.0,0.0,Oliver Logan Fowler,OLF0504,41,43,20,41,31,0.187750882530974,0,0,0
OLW0689,0,48,19,11,1,0.0,0.0,Owen Len Wheeler,OLW0689,22,25,40,35,27,0.1800916525262052,0,0,0
OMM0944,0,38,19,19,1,0.0,0.0,Octavia May Maddox,OMM0944,17,14,27,21,29,0.1759409660361437,0,0,0
OMS0101,0,37,19,19,1,0.0,0.0,Ocean Maite Summers,OMS0101,20,12,21,22,29,0.1784377709114203,0,0,0
ONL0276,0,37,19,19,1,0.0,0.0,Octavia Nora Leblanc,ONL0276,48,46,17,41,20,0.1332171670543669,0,0,0
ONW0083,0,37,19,11,1,0.0,0.0,Oscar Nolan Wooten,ONW0083,46,30,25,30,26,0.1847348824031555,0,0,0
OQH0183,0,37,19,19,1,0.0,0.0,Olivia Quynn Hardy,OQH0183,34,38,18,33,23,0.1902298550336381,0,0,0
ORB0473,0,37,19,11,1,0.0,0.0,Owen Ross Burks,ORB0473,38,44,46,38,38,0.1493500561457524,0,0,0
ORG0339,0,37,19,19,1,0.0,0.0,Olivia Rose Galloway,ORG0339,50,28,46,47,20,0.0935751113849097,0,0,0
ORM0669,0,50,19,11,2,0.0,0.0,Orla Ruth Mckenzie,ORM0669,44,39,28,39,36,0.1608682644321585,0,0,0
OSH0655,0,37,19,18,1,0.0,0.0,Olympia Shafira Harrison,OSH0655,16,21,42,39,28,0.1751425429428002,0,0,0
OYM0026,0,41,19,0,2,0.0,0.0,Orla Yolanda Middleton,OYM0026,23,26,18,36,28,0.1610858729387401,0,0,0
PAD0773,0,66,19,0,3,0.0,0.0,Patience Audrey Douglas,PAD0773,36,21,14,16,38,0.0800015759398328,0,0,0
PBP0002,0,38,19,8,1,0.0,0.0,Price Bevis Pittman,PBP0002,49,35,23,10,27,0.1420828716489612,0,0,0
PDH0716,0,54,19,19,1,0.0,0.0,Phelan Dieter Hendricks,PDH0716,40,16,14,10,24,0.1120405587121978,0,0,0
PDW0259,0,57,19,21,4,0.0,0.0,Patricia Denise Wright,PDW0259,43,32,38,36,33,0.1183818822286478,0,0,0
PES0085,0,50,19,19,1,0.0,0.0,Patricia Emily Salazar,PES0085,35,24,18,30,22,0.1684892396689353,0,0,0
PEV0323,0,59,19,20,2,0.0,0.0,Plato Ethan Valdez,PEV0323,47,34,40,22,29,0.1711236594098423,0,0,0
PGC0066,0,37,19,12,1,0.0,0.0,Prescott Giacomo Conley,PGC0066,32,39,28,43,26,0.1876699719551076,0,0,0
PGH0184,0,50,19,19,1,0.0,0.0,Peter Gil Harrington,PGH0184,30,35,33,22,25,0.1871502429212106,0,0,0
PGO0433,0,37,19,12,1,0.0,0.0,Pearl Georgia Owen,PGO0433,44,40,19,46,35,0.1746855718451261,0,0,0
PID0426,0,49,20,20,2,0.0,0.0,Portia Illana David,PID0426,43,19,39,44,23,0.1034282512258237,0,0,0
PIS0522,0,60,19,0,3,0.0,0.0,Paula Isabelle Santiago,PIS0522,44,26,48,40,35,0.086141958906283,0,0,0
PKB0281,0,37,19,0,1,0.0,0.0,Preston Kennan Burns,PKB0281,39,12,44,26,25,0.135497896364254,0,0,0
PKB0429,0,37,19,11,1,0.0,0.0,Philip Keith Barron,PKB0429,34,42,43,40,22,0.1765013375444603,0,0,0
PLH0715,0,37,19,19,1,0.0,0.0,Penelope Lysandra Hayes,PLH0715,42,37,19,37,29,0.2079089567670116,0,0,0
PLH0862,0,37,19,19,1,0.0,0.0,Prescott Laith Harding,PLH0862,32,37,25,16,32,0.2017072103055822,0,0,0
PMC0328,0,53,19,19,1,0.0,0.0,Penelope Montana Colon,PMC0328,20,43,10,36,33,0.1328964124929216,0,0,0
PMJ0564,0,71,19,4,2,0.0,0.0,Paula Madaline Jackson,PMJ0564,30,21,40,14,39,0.089268306000466,0,0,0
PMV0850,0,63,19,23,2,0.0,0.0,Priscilla Martha Vinson,PMV0850,23,39,12,42,23,0.1038410174337272,0,0,0
PNH0761,0,47,19,4,3,0.0,0.0,Phelan Nissim Howell,PNH0761,36,49,27,32,30,0.1241448486337501,0,0,0
PNL0301,1,37,19,0,1,0.0,0.0,Philip Nathan Logan,PNL0301,50,43,30,43,31,0.1534201919012318,0,1,0
POB0343,0,37,19,19,1,0.0,0.0,Preston Odysseus Bryan,POB0343,46,19,44,27,34,0.1683016946628184,0,0,0
PPF0435,1,37,19,10,1,0.0,0.0,Preston Plato Fischer,PPF0435,42,17,48,24,27,0.159345477989245,0,1,0
PRM0740,0,37,19,10,1,0.0,0.0,Price Rashad Mullen,PRM0740,45,40,45,42,27,0.1705261763521102,0,0,0
PSF0133,1,37,19,0,1,0.0,0.0,Piper Sasha Fuentes,PSF0133,42,40,11,36,33,0.1586396983155245,0,1,0
PTH0552,0,49,19,10,1,0.0,0.0,Philip Travis Hartman,PTH0552,20,13,32,20,28,0.1656381745693441,0,0,0
PTH0830,0,45,23,22,1,0.0,0.0,Peter Tad Hartman,PTH0830,43,44,42,43,34,0.0921959552555425,0,0,0
QCH0110,0,37,19,0,1,0.0,0.0,Quinn Coby Hays,QCH0110,34,35,17,37,27,0.1896278325355684,0,0,0
QJR0688,0,57,21,12,2,0.0,0.0,Quyn Jolie Rosario,QJR0688,19,18,22,26,35,0.1074968463440028,0,0,0
QNF0205,0,37,19,19,1,0.0,0.0,Quentin Nolan Fitzpatrick,QNF0205,35,41,22,21,29,0.2126367739570811,0,0,0
QNP0216,0,144,19,102,52,0.0,0.0,Quemby Nita Pollard,QNP0216,19,35,39,26,34,-0.059781198306561,1,0,1
QOS0878,0,88,25,27,3,0.0,0.0,Quynn Odessa Sanford,QOS0878,18,12,20,16,29,-0.0112671324285934,1,0,1
QPM0727,0,37,19,9,1,0.0,0.0,Quincy Preston Moses,QPM0727,43,40,18,34,34,0.1929380715050587,0,0,0
QRM0739,0,37,19,9,1,0.0,0.0,Quail Rana Mclean,QRM0739,33,11,26,29,30,0.1666240172851776,0,0,0
QSV0778,0,38,19,0,1,0.0,0.0,Quintessa Shana Vance,QSV0778,17,23,36,35,33,0.1730269239372341,0,0,0
RAB0589,1,65,19,0,3,0.0,0.0,Raymond Arsenio Blackwell,RAB0589,36,35,26,14,31,0.1237314534241725,0,1,0
RAG0275,0,37,19,19,1,0.0,0.0,Rashad Aristotle Guerrero,RAG0275,23,38,35,41,32,0.1861989059524472,0,0,0
RAH0440,0,37,19,11,1,0.0,0.0,Rashad August Hatfield,RAH0440,18,15,43,16,24,0.152389643608759,0,0,0
RAM0447,0,66,24,10,1,0.0,0.0,Ramona Alma Moses,RAM0447,35,12,23,45,39,0.0340117564071112,0,0,0
RAR0725,1,37,19,19,1,0.0,0.0,Raphael Aristotle Ray,RAR0725,32,32,25,20,35,0.1966557446439887,0,1,0
RAS0432,0,50,19,12,1,0.0,0.0,Robert Aristotle Stevenson,RAS0432,44,47,40,41,16,0.1136666257956054,0,0,0
RAW0915,0,60,21,20,2,0.0,0.0,Robert Ali Webb,RAW0915,43,50,21,43,24,0.0778502952800208,0,0,0
RBB0485,0,37,19,0,1,0.0,0.0,Raphael Benjamin Bryan,RBB0485,40,40,35,30,26,0.1907906274802812,0,0,0
RCC0617,0,37,19,9,1,0.0,0.0,Rogan Chandler Coffey,RCC0617,33,50,13,12,27,0.1192827772576353,0,0,0
RCP0785,0,37,19,0,1,0.0,0.0,Reed Chaim Perkins,RCP0785,42,38,43,30,32,0.1840367813809305,0,0,0
RDM0115,0,38,19,19,1,0.0,0.0,Rina Denise Mcgee,RDM0115,42,17,39,15,30,0.1842297636459856,0,0,0
RDM0150,0,38,19,0,1,0.0,0.0,Raven Deirdre Morrison,RDM0150,39,15,37,26,30,0.1762728348521253,0,0,0
RDT0424,0,58,19,13,3,0.0,0.0,Rosalyn Daphne Tillman,RDT0424,38,44,19,34,28,0.1584272993214634,0,0,0
RFP0380,0,38,19,10,1,0.0,0.0,Reuben Fulton Pugh,RFP0380,39,39,20,20,32,0.2065422828076733,0,0,0
RGG0064,1,51,19,19,1,0.0,0.0,Riley Ginger Guy,RGG0064,36,19,20,42,34,0.1780152959483039,0,1,0
RGH0728,0,37,19,10,1,0.0,0.0,Raymond Gray Hyde,RGH0728,19,20,37,18,29,0.1904263251497537,0,0,0
RGN0408,0,37,19,13,1,0.0,0.0,Rhona Germane Nelson,RGN0408,11,21,22,22,32,0.1699942166848486,0,0,0
RHC0335,0,37,19,19,1,0.0,0.0,Roth Hu Conner,RHC0335,36,35,40,46,25,0.1820419143335748,0,0,0
RHL0992,1,54,19,19,2,0.0,0.0,Rachel Hermione Le,RHL0992,36,10,39,37,36,0.1164592694575146,0,1,0
RHO0732,0,79,19,17,3,0.0,0.0,Risa Hillary Obrien,RHO0732,20,10,21,19,34,0.0716523366041058,0,0,0
RHP0484,0,56,19,0,2,0.0,0.0,Randall Hashim Palmer,RHP0484,35,37,24,16,31,0.1640859393788433,0,0,0
RHY0079,0,39,19,0,2,0.0,0.0,Rose Hanae Yates,RHY0079,20,19,14,21,26,0.1365190037938093,0,0,0
RIH0777,0,37,19,0,1,0.0,0.0,Renee Ivana Hayden,RIH0777,26,44,19,16,27,0.1662645839119773,0,0,0
RJB0088,0,37,19,19,1,0.0,0.0,Roary Jane Barrett,RJB0088,20,42,37,45,24,0.1587793040787811,0,0,0
RJM0381,0,40,19,12,2,0.0,0.0,Rogan Judah Mcintyre,RJM0381,41,47,44,41,25,0.1397336368267668,0,0,0
RKD0604,1,37,19,12,1,0.0,0.0,Rebecca Kelsie Daugherty,RKD0604,17,46,36,38,31,0.1552807076224064,0,1,0
RKF0164,0,38,19,19,1,0.0,0.0,Ryan Kelly Frost,RKF0164,40,42,17,18,42,0.1465138263713227,0,0,0
RLB0719,0,39,19,20,1,0.0,0.0,Risa Laura Bolton,RLB0719,14,18,15,40,35,0.1364321182697192,0,0,0
RLG0856,0,56,19,21,1,0.0,0.0,Risa Lana Guthrie,RLG0856,18,36,42,18,26,0.1462295073713095,0,0,0
RMS0266,0,38,19,19,1,0.0,0.0,Roth Mannix Simon,RMS0266,33,40,25,23,37,0.1925121084109672,0,0,0
RMW0542,1,37,19,10,1,0.0,0.0,Rae Melissa Wilson,RMW0542,17,21,20,13,41,0.1300737401598652,0,1,0
RNF0765,0,37,19,0,1,0.0,0.0,Ria Neve Flores,RNF0765,41,22,37,41,25,0.1779536857982946,0,0,0
RNL0695,0,53,19,13,1,0.0,0.0,Reece Nicolas Lopez,RNL0695,47,41,44,19,36,0.1567162229919317,0,0,0
RNP0211,0,51,19,19,1,0.0,0.0,Rowan Neve Parks,RNP0211,39,15,25,40,30,0.1717384257668365,0,0,0
ROB0272,0,37,19,19,1,0.0,0.0,Raymond Otto Bond,ROB0272,39,45,23,41,34,0.1837669381478362,0,0,0
RRA0938,0,53,19,19,1,0.0,0.0,Rogan Reuben Alexander,RRA0938,35,36,21,38,29,0.2030206292119855,0,0,0
RRC0553,0,63,22,10,2,0.0,0.0,Raya Regan Church,RRC0553,40,14,24,38,29,0.0776888089079969,0,0,0
RRP0568,0,54,19,0,2,0.0,0.0,Rhonda Rhona Parsons,RRP0568,43,50,38,18,33,0.118112906870325,0,0,0
RSC0089,0,65,19,21,2,0.0,0.0,Robert Samuel Chen,RSC0089,41,26,35,21,29,0.1654252339592381,0,0,0
RSM0277,0,68,19,25,2,0.0,0.0,Roanna Sacha Monroe,RSM0277,37,38,20,50,22,0.0995415825773944,0,0,0
RTO0313,0,63,19,23,2,0.0,0.0,Raymond Tate Osborne,RTO0313,44,45,25,17,27,0.1433362289289577,0,0,0
RUM0880,0,54,19,21,2,0.0,0.0,Roary Ursa Massey,RUM0880,40,37,17,38,26,0.1699846289884466,0,0,0
RVC0232,0,37,19,22,1,0.0,0.0,Rama Vielka Clayton,RVC0232,34,20,47,38,25,0.1542269618102483,0,0,0
RVF0201,0,50,19,19,1,0.0,0.0,Reuben Victor Freeman,RVF0201,36,32,38,29,28,0.1968872890058102,0,0,0
RYB0718,0,37,19,19,1,0.0,0.0,Ruth Yael Burris,RYB0718,19,18,42,13,21,0.1368304198261988,0,0,0
RZC0746,0,79,27,12,3,0.0,0.0,Robert Zeus Cox,RZC0746,15,38,33,43,26,-0.0186192242616599,1,0,1
SAA0999,0,55,19,18,2,0.0,0.0,Shelly Audra Ayala,SAA0999,20,17,34,11,36,0.1234454801321797,0,0,0
SAB0781,0,52,19,0,1,0.0,0.0,Serina Ariana Butler,SAB0781,36,35,24,30,28,0.1924896533267519,0,0,0
SAC0592,0,49,19,0,1,0.0,0.0,Serina Amena Chavez,SAC0592,24,18,23,42,26,0.1612940730554133,0,0,0
SAC0687,0,37,19,18,1,0.0,0.0,Samantha Audrey Curtis,SAC0687,20,49,37,19,22,0.1398196807556156,0,0,0
SAH0599,0,37,19,0,1,0.0,0.0,Sylvia Ariana Head,SAH0599,13,22,44,18,22,0.1285634274027185,0,0,0
SAK0375,0,140,19,78,49,0.0,0.0,Sonia Anne Kirkland,SAK0375,16,20,27,16,31,-0.0504356984255094,1,0,1
SAP0867,0,37,19,19,1,0.0,0.0,Sawyer Arden Puckett,SAP0867,13,25,43,19,30,0.1706160563886299,0,0,0
SAT0194,0,37,19,0,1,0.0,0.0,Sawyer Abel Turner,SAT0194,14,19,36,23,35,0.1664281413664453,0,0,0
SBD0913,0,38,19,19,1,0.0,0.0,Sandra Beverly Diaz,SBD0913,45,16,19,19,42,0.1328285010459555,0,0,0
SBH0537,0,55,21,0,1,0.0,0.0,Stephanie Briar Harrington,SBH0537,34,21,14,13,33,0.0775295696335233,0,0,0
SBK0161,0,61,19,2,3,0.0,0.0,Sharon Britanni Kerr,SBK0161,14,27,23,41,39,0.0802551021889417,0,0,0
SBN0495,0,37,19,0,1,0.0,0.0,Sonya Beatrice Nichols,SBN0495,39,22,43,24,21,0.1492879860306313,0,0,0
SBN0866,0,41,19,23,1,0.0,0.0,Salvador Byron Norton,SBN0866,41,34,41,24,22,0.1619713001630464,0,0,0
SBN0971,0,48,24,24,1,0.0,0.0,Selma Barbara Nicholson,SBN0971,41,40,17,47,30,0.0769410764476863,0,0,0
SBQ0786,0,37,19,0,1,0.0,0.0,Sasha Britanney Quinn,SBQ0786,41,17,19,44,34,0.1594480715290696,0,0,0
SCB0534,0,37,19,0,1,0.0,0.0,Sophia Cora Battle,SCB0534,20,18,35,22,29,0.1876606448887256,0,0,0
SCF0608,0,37,19,8,1,0.0,0.0,Shana Callie Ferguson,SCF0608,35,18,42,42,36,0.1696380884707891,0,0,0
SCP0130,0,51,19,0,2,0.0,0.0,Shannon Chantale Price,SCP0130,42,18,35,32,24,0.1365465751107607,0,0,0
SDB0106,0,59,19,0,3,0.0,0.0,Stewart Dale Berger,SDB0106,35,46,26,27,37,0.1174014030112932,0,0,0
SDF0017,0,37,19,11,1,0.0,0.0,Skyler Deborah Frazier,SDF0017,11,40,39,18,30,0.1633348306460534,0,0,0
SDO0170,0,52,19,19,1,0.0,0.0,Samson Denton Oconnor,SDO0170,35,47,22,45,26,0.1623401914738527,0,0,0
SED0886,0,65,19,2,2,0.0,0.0,Shelley Eleanor Dawson,SED0886,22,18,18,35,28,0.1389827778655683,0,0,0
SEJ0677,0,38,19,11,1,0.0,0.0,Samuel Eden James,SEJ0677,44,39,23,36,25,0.198181914574464,0,0,0
SER0165,0,37,19,19,1,0.0,0.0,Stephanie Eliana Rasmussen,SER0165,20,15,24,17,27,0.1792746833114921,0,0,0
SES0477,0,53,19,0,1,0.0,0.0,Sebastian Elliott Sexton,SES0477,38,40,13,39,29,0.1675618771015339,0,0,0
SGB0140,0,70,19,0,3,0.0,0.0,Scott Gary Burks,SGB0140,50,45,40,16,24,0.0709357238076923,0,0,0
SGG0787,0,52,19,18,1,0.0,0.0,Sara Gail George,SGG0787,14,27,10,20,31,0.1355749018616752,0,0,0
SGM0021,0,53,19,19,1,0.0,0.0,Sybill Grace Mckay,SGM0021,41,12,26,41,33,0.1498723019549468,0,0,0
SGS0268,0,37,19,19,1,0.0,0.0,Sylvester Guy Sanders,SGS0268,47,45,30,19,22,0.1612261652271071,0,0,0
SHR0334,0,37,19,19,1,0.0,0.0,Salvador Herman Raymond,SHR0334,36,41,45,19,31,0.1914201091041433,0,0,0
SHW0578,0,37,19,0,1,0.0,0.0,Seth Harlan Walls,SHW0578,39,42,14,49,31,0.1508950304825637,0,0,0
SIJ0661,0,38,19,9,1,0.0,0.0,Sarah Imelda Juarez,SIJ0661,40,17,14,15,21,0.1389544800272462,0,0,0
SJC0333,0,55,19,19,2,0.0,0.0,Sloane Jade Cochran,SJC0333,22,39,31,36,29,0.168993028975306,0,0,0
SJF0094,0,38,19,19,1,0.0,0.0,Shea Jane Franks,SJF0094,35,19,16,44,30,0.1739531882729866,0,0,0
SJO0209,0,69,19,21,3,0.0,0.0,Samson Jeremy Ortega,SJO0209,39,45,18,39,35,0.1155642382154314,0,0,0
SJW0451,0,37,19,12,1,0.0,0.0,Sharon Jemima Whitehead,SJW0451,43,30,16,50,28,0.1507770989016027,0,0,0
SKG0759,0,37,19,0,1,0.0,0.0,Sonia Karly Goodwin,SKG0759,22,15,43,41,26,0.1494632735415368,0,0,0
SLB0049,0,37,19,0,1,0.0,0.0,Summer Leilani Boyer,SLB0049,14,27,16,22,20,0.1258351089911276,0,0,0
SLP0762,0,38,19,0,1,0.0,0.0,Sydnee Leilani Parsons,SLP0762,26,13,40,18,26,0.1565126632316779,0,0,0
SLT0907,0,37,19,0,1,0.0,0.0,Shelby Lila Turner,SLT0907,16,15,43,27,27,0.1506302482159408,0,0,0
SMB0804,0,37,19,0,1,0.0,0.0,Sierra Margaret Barker,SMB0804,38,10,19,36,33,0.1491129606854644,0,0,0
SMH0291,0,85,26,0,2,0.0,0.0,Shaeleigh MacKenzie Harris,SMH0291,23,22,10,24,32,-0.0062720815951492,1,0,1
SMW0084,0,37,19,8,1,0.0,0.0,Stephanie Mary Whitehead,SMW0084,20,37,39,48,27,0.1588621437763699,0,0,0
SMY0792,0,65,19,0,3,0.0,0.0,Savannah Marcia Yang,SMY0792,43,37,39,42,25,0.1234448879298729,0,0,0
SNC0187,0,37,19,19,1,0.0,0.0,Stuart Nicolas Cervantes,SNC0187,40,41,42,30,27,0.1998555118767006,0,0,0
SNS0129,0,38,19,19,1,0.0,0.0,Sage Nichole Savage,SNS0129,26,10,43,35,30,0.1454047445844934,0,0,0
SOB0360,0,154,19,92,58,0.0,0.0,Sean Omar Burgess,SOB0360,42,22,40,16,32,-0.0414816252290026,1,0,1
SOB0586,0,37,19,0,1,0.0,0.0,Slade Orson Burch,SOB0586,45,35,23,24,30,0.1920059506497155,0,0,0
SOF0808,0,37,19,18,1,0.0,0.0,Steel Orson Fields,SOF0808,45,40,38,22,27,0.2051451497783614,0,0,0
SOG0411,0,37,19,11,1,0.0,0.0,Suki Ori Grant,SOG0411,26,19,21,24,23,0.1843808968055807,0,0,0
SPA0141,0,59,20,26,1,0.0,0.0,Scarlet Pearl Ashley,SPA0141,43,22,10,21,29,0.0948883350024551,0,0,0
SRH0155,0,65,20,32,2,0.0,0.0,Sasha Rina Huffman,SRH0155,34,14,37,45,28,0.0637180525423334,0,0,0
SRS0231,0,37,19,24,1,0.0,0.0,Sandra Roary Solomon,SRS0231,17,44,36,32,26,0.1525009069500814,0,0,0
SSG0250,0,52,19,10,1,0.0,0.0,Steel Solomon Garrison,SSG0250,35,40,20,36,25,0.1933289896981868,0,0,0
SSH0799,0,72,19,0,3,0.0,0.0,Sonya Samantha Hahn,SSH0799,23,18,31,31,40,0.0809111183586971,0,0,0
SSJ0784,0,79,25,8,1,0.0,0.0,Sarah Susan Jarvis,SSJ0784,19,39,12,45,34,0.0162988881472173,0,0,0
SSR0278,0,37,19,0,1,0.0,0.0,Simone Scarlet Rose,SSR0278,34,32,45,15,24,0.1505076039346566,0,0,0
SSS0345,0,37,19,19,1,0.0,0.0,Sybill Sage Shaw,SSS0345,40,21,38,16,20,0.1606966415718924,0,0,0
SVL0803,0,37,19,0,1,0.0,0.0,Stephanie Victoria Lyons,SVL0803,27,35,20,36,32,0.1906003364411142,0,0,0
SVL0940,0,38,19,19,1,0.0,0.0,September Vielka Livingston,SVL0940,15,42,26,15,34,0.1541634245252519,0,0,0
SVS0871,0,72,19,19,3,0.0,0.0,Sylvia Velma Sweet,SVS0871,23,15,34,28,33,0.1047646609670135,0,0,0
SXM0895,0,37,19,0,1,0.0,0.0,Sigourney Xandra Maddox,SXM0895,14,18,15,33,25,0.1398955055592092,0,0,0
TAC0300,0,37,19,0,1,0.0,0.0,Timothy Arthur Carroll,TAC0300,15,38,18,18,36,0.1426228770361651,0,0,0
TAP0551,1,51,19,12,2,0.0,0.0,Tara Alma Potts,TAP0551,25,17,27,20,22,0.1445203519460421,0,1,0
TBT0461,0,37,19,11,1,0.0,0.0,Teagan Briar Townsend,TBT0461,43,42,13,30,28,0.1792534734664747,0,0,0
TCD0009,0,37,19,0,1,0.0,0.0,Tasha Casey Dalton,TCD0009,44,28,44,38,23,0.1456332337481347,0,0,0
TDG0962,0,73,19,19,2,0.0,0.0,Tyrone Damian Garner,TDG0962,42,40,36,26,21,0.1246780075552865,0,0,0
TDJ0998,0,51,19,18,1,0.0,0.0,Tobias Dakota Jacobs,TDJ0998,34,40,10,42,36,0.142035514483101,0,0,0
TDS0984,0,72,24,26,4,0.0,0.0,Tara Dai Stevenson,TDS0984,39,39,15,40,38,0.0179059097409818,0,0,0
TEB0251,0,49,19,9,1,0.0,0.0,Theodore Eagan Bass,TEB0251,44,50,22,13,36,0.1174705628085303,0,0,0
TEM0093,0,38,19,19,1,0.0,0.0,Thaddeus Emery Martin,TEM0093,28,24,45,14,30,0.1692494579284563,0,0,0
TEM0977,0,37,19,10,1,0.0,0.0,Tara Echo Myers,TEM0977,22,19,40,45,29,0.1756944854915926,0,0,0
TET0621,0,51,19,11,3,0.0,0.0,Tyler Eden Talley,TET0621,30,37,44,32,27,0.1409081784540892,0,0,0
THD0448,0,37,19,11,1,0.0,0.0,Tad Harlan Duncan,THD0448,41,32,29,38,32,0.1977840415790052,0,0,0
THR0873,0,39,19,21,1,0.0,0.0,Teagan Hedy Romero,THR0873,37,44,21,40,38,0.1637199435017988,0,0,0
TIW0299,0,37,19,0,1,0.0,0.0,Talon Ian Ware,TIW0299,34,19,19,12,31,0.1678004923753712,0,0,0
TJB0302,0,37,19,0,1,0.0,0.0,Teegan Jillian Burris,TJB0302,42,47,24,40,29,0.1671051594003226,0,0,0
TJD0996,0,37,19,18,1,0.0,0.0,Thor Jameson Diaz,TJD0996,34,22,42,16,32,0.1975602827991879,0,0,0
TJG0582,0,37,19,0,1,0.0,0.0,Timon Jacob Gay,TJG0582,42,50,18,15,29,0.1397710975903562,0,0,0
TLH0648,0,37,19,18,1,0.0,0.0,Tarik Linus Hubbard,TLH0648,32,35,18,24,26,0.1979547043157272,0,0,0
TLK0993,0,37,19,18,1,0.0,0.0,Tallulah Liberty Kirby,TLK0993,41,36,40,35,22,0.1933675061934037,0,0,0
TLM0797,0,37,19,0,1,0.0,0.0,Tobias Lucas Morin,TLM0797,43,42,34,23,36,0.1812568287819829,0,0,0
TMA0069,0,37,19,11,1,0.0,0.0,Tobias Martin Ashley,TMA0069,33,38,42,14,33,0.1800019206298666,0,0,0
TNM0961,1,58,19,25,3,0.0,0.0,Troy Nicolas Molina,TNM0961,37,50,39,17,32,0.1143399388735512,0,1,0
TOR0193,0,54,19,0,1,0.0,0.0,Tarik Odysseus Rivera,TOR0193,30,40,25,45,30,0.1734428169998935,0,0,0
TPH0474,0,37,19,12,1,0.0,0.0,Tad Patrick Hardin,TPH0474,44,39,14,21,35,0.1761642645105789,0,0,0
TQS0212,0,40,19,19,2,0.0,0.0,Tasha Quail Sanchez,TQS0212,14,42,45,20,27,0.1357315982369262,0,0,0
TRK0914,0,37,19,18,1,0.0,0.0,Teagan Raven Kennedy,TRK0914,40,19,14,33,30,0.1809868000730868,0,0,0
TSB0437,0,37,19,12,1,0.0,0.0,Tamara Shaeleigh Best,TSB0437,26,23,16,30,26,0.1870528557176036,0,0,0
TSG0906,0,50,19,0,1,0.0,0.0,Thomas Shad Guthrie,TSG0906,41,21,40,28,28,0.1717985370183261,0,0,0
TSM0363,0,146,19,90,55,0.0,0.0,TaShya Savannah Mcgowan,TSM0363,34,19,20,39,33,-0.0408212382772019,1,0,1
TSM0927,0,37,19,18,1,0.0,0.0,Tana Sonya Moody,TSM0927,33,21,10,37,26,0.1538835531561538,0,0,0
TSR0676,0,54,19,10,1,0.0,0.0,Todd Scott Roth,TSR0676,43,40,26,19,33,0.1827248975202666,0,0,0
TTD1000,0,37,19,18,1,0.0,0.0,Tiger Tucker Dawson,TTD1000,34,34,24,40,29,0.2055533640555415,0,0,0
TUC0632,0,37,19,18,1,0.0,0.0,Troy Uriah Conway,TUC0632,38,44,10,13,31,0.1463019183305554,0,0,0
TVS0006,0,55,19,0,2,0.0,0.0,Thomas Vladimir Stokes,TVS0006,43,43,37,20,41,0.1239714559223993,0,0,0
TVS0050,0,81,20,39,2,0.0,0.0,Todd Vance Spears,TVS0050,40,38,18,30,29,0.0796094856994961,0,0,0
TYB0779,0,52,19,0,1,0.0,0.0,TaShya Yoko Bailey,TYB0779,24,20,35,36,34,0.1746801618477192,0,0,0
UAD0771,0,56,19,0,2,0.0,0.0,Uriel Axel Diaz,UAD0771,46,34,15,30,31,0.1459525780775131,0,0,0
UBF0645,0,37,19,18,1,0.0,0.0,Ursa Britanney Frederick,UBF0645,34,20,34,23,31,0.2079171250554696,0,0,0
UCH0519,0,37,19,0,1,0.0,0.0,Ulric Colt Holt,UCH0519,33,40,20,47,28,0.1716935088750494,0,0,0
UCS0227,0,37,19,20,1,0.0,0.0,Uriel Charles Solomon,UCS0227,22,32,41,35,34,0.1758019847943043,0,0,0
UFK0208,0,63,19,21,2,0.0,0.0,Ulric Ferdinand Knapp,UFK0208,18,34,22,23,30,0.1505789195968024,0,0,0
UIR0043,0,154,19,109,56,0.0,0.0,Ursula Idona Richard,UIR0043,19,37,23,38,32,-0.0570164010545565,1,0,1
UJC0737,0,37,19,11,1,0.0,0.0,Urielle Jane Carter,UJC0737,16,12,12,38,25,0.1222194172250045,0,0,0
USH0199,0,38,19,19,1,0.0,0.0,Upton Sebastian Holt,USH0199,44,39,46,36,25,0.1761930049407096,0,0,0
VAA0087,0,63,19,21,3,0.0,0.0,Vincent Avram Aguirre,VAA0087,36,44,42,18,23,0.1147110728198978,0,0,0
VCC0396,0,59,19,27,2,0.0,0.0,Vincent Craig Cunningham,VCC0396,21,45,16,37,23,0.1086457649992932,0,0,0
VCY0751,0,50,19,11,1,0.0,0.0,Vincent Calvin Young,VCY0751,37,24,39,19,25,0.185513397030981,0,0,0
VEB0935,0,38,19,19,1,0.0,0.0,Valentine Elton Britt,VEB0935,46,37,39,20,32,0.2014804681158664,0,0,0
VFM0814,0,62,19,18,2,0.0,0.0,Vernon Finn Mcgee,VFM0814,46,45,44,19,28,0.1361122888381319,0,0,0
VIA0063,0,37,19,13,1,0.0,0.0,Vance Ira Alston,VIA0063,40,34,19,50,33,0.1606949392189817,0,0,0
VLB0647,0,37,19,18,1,0.0,0.0,Valentine Lucian Benjamin,VLB0647,48,40,42,47,24,0.1469913418330251,0,0,0
VMJ0147,0,37,19,0,1,0.0,0.0,Vera Mollie Jenkins,VMJ0147,23,28,37,22,24,0.1721134785782168,0,0,0
VMJ0546,0,53,19,9,1,0.0,0.0,Veda Martina Jacobson,VMJ0546,20,37,29,39,26,0.171876394412013,0,0,0
VSA0230,0,51,19,22,2,0.0,0.0,Vivian Sarah Arnold,VSA0230,47,15,25,14,29,0.129876257964361,0,0,0
VSS0154,1,37,19,0,1,0.0,0.0,Vernon Samuel Sawyer,VSS0154,43,49,10,40,30,0.1156368880219375,0,1,0
VTT0385,0,42,19,12,3,0.0,0.0,Vladimir Thomas Todd,VTT0385,14,26,17,36,28,0.1294246799172654,0,0,0
WAB0143,0,37,19,19,1,0.0,0.0,William Aladdin Bennett,WAB0143,43,43,24,22,33,0.1997335731943926,0,0,0
WAS0254,0,49,19,19,1,0.0,0.0,William Aristotle Sampson,WAS0254,43,37,16,18,35,0.1708295383173116,0,0,0
WBC0192,0,54,19,19,1,0.0,0.0,Whoopi Britanney Camacho,WBC0192,47,36,39,39,27,0.1802557856517604,0,0,0
WBC0315,0,38,19,19,1,0.0,0.0,William Beau Callahan,WBC0315,40,37,40,45,24,0.1824214340032543,0,0,0
WDD0366,1,162,19,92,53,0.0,0.0,Wesley Dustin Dickerson,WDD0366,43,42,17,19,28,-0.0320866715029838,1,1,1
WDO0870,0,47,20,29,1,0.0,0.0,William Damian Oconnor,WDO0870,23,21,14,13,25,0.0773789341985641,0,0,0
WDV0573,0,53,19,6,2,0.0,0.0,Wang Dean Vasquez,WDV0573,48,36,13,31,33,0.1326736196137086,0,0,0
WGR0833,0,37,19,18,1,0.0,0.0,William Graham Rowe,WGR0833,38,46,24,38,42,0.1440199144103083,0,0,0
WGS0516,0,37,19,0,1,0.0,0.0,Willa Giselle Stanton,WGS0516,11,20,39,20,29,0.1594904525909813,0,0,0
WIF0691,0,51,19,12,2,0.0,0.0,Wade Ira Frazier,WIF0691,33,39,37,30,24,0.1684301247756429,0,0,0
WIQ0567,0,67,25,0,1,0.0,0.0,Willow Iliana Quinn,WIQ0567,25,41,10,47,39,0.0002267057449831,0,0,0
WJD0576,0,37,19,0,1,0.0,0.0,Willow Jaime Daniel,WJD0576,40,20,23,38,26,0.1842186992182657,0,0,0
WKD0013,0,43,19,4,2,0.0,0.0,Wesley Kasper Duffy,WKD0013,42,36,40,27,34,0.1635322770223512,0,0,0
WKF0012,0,37,19,19,1,0.0,0.0,Walter Kaseem Foley,WKF0012,37,44,20,45,23,0.1723217396279764,0,0,0
WLV0566,0,37,19,0,1,0.0,0.0,Whilemina Liberty Velez,WLV0566,10,19,38,24,39,0.1309286719001859,0,0,0
WNB0908,0,50,19,0,1,0.0,0.0,Wing Noah Bonner,WNB0908,38,38,38,22,23,0.1678623346273978,0,0,0
WPE0538,0,37,19,0,1,0.0,0.0,Whilemina Pandora England,WPE0538,21,16,23,22,35,0.1676869236028365,0,0,0
WPR0368,0,182,23,108,63,0.0,0.0,William Price Robles,WPR0368,48,34,40,17,31,-0.1106281349945921,1,0,1
WRM0963,0,56,19,21,3,0.0,0.0,Wynter Rose Mercer,WRM0963,17,23,43,31,22,0.0936563957244042,0,0,0
WSR0241,0,43,19,9,3,0.0,0.0,Wanda Samantha Rogers,WSR0241,35,27,15,25,29,0.1530301283576036,0,0,0
WTF0387,0,38,19,9,1,0.0,0.0,William Trevor Fuentes,WTF0387,40,23,40,25,24,0.1841083543521094,0,0,0
WTR0563,0,37,19,0,1,0.0,0.0,William Theodore Reeves,WTR0563,47,45,46,15,31,0.128578746068471,0,0,0
WVB0539,0,37,19,9,1,0.0,0.0,Winter Veda Burks,WVB0539,43,16,18,42,31,0.1698589743383144,0,0,0
WXH0872,0,53,19,21,3,0.0,0.0,Wynne Xyla Hartman,WXH0872,17,20,19,21,25,0.1283862812099366,0,0,0
XAA0104,0,53,19,19,1,0.0,0.0,Xander Aaron Acevedo,XAA0104,41,40,14,38,42,0.1325736901966492,0,0,0
XBN0229,0,37,19,19,1,0.0,0.0,Xandra Briar Nielsen,XBN0229,34,16,17,40,29,0.1787526121824711,0,0,0
XHG0902,0,37,19,0,1,0.0,0.0,Xenos Hayden Gallegos,XHG0902,44,35,23,47,14,0.1051034660286312,0,0,0
XHW0498,1,37,19,0,1,0.0,0.0,Xerxes Howard Wilcox,XHW0498,37,47,48,23,35,0.1360346987687156,0,1,0
XLB0710,0,37,19,19,1,0.0,0.0,Xanthus Louis Buck,XLB0710,46,38,39,36,20,0.1711621572811594,0,0,0
XRS0633,0,51,19,18,1,0.0,0.0,Xenos Rudyard Small,XRS0633,34,39,39,40,23,0.1806237385461765,0,0,0
XWD0923,0,51,19,18,1,0.0,0.0,Xander Walter Doyle,XWD0923,16,38,45,20,31,0.1602820550596339,0,0,0
YCE0983,0,37,19,19,1,0.0,0.0,Yardley Cairo Elliott,YCE0983,39,21,42,30,36,0.1838559207797592,0,0,0
YDN0198,0,52,19,19,1,0.0,0.0,Yasir Dexter Nelson,YDN0198,45,50,41,11,24,0.1111175170688588,0,0,0
YEV0793,0,37,19,0,1,0.0,0.0,Yardley Ezra Vang,YEV0793,40,37,42,15,22,0.1555130369443223,0,0,0
YIC0195,0,82,26,0,3,0.0,0.0,Yolanda Idona Crosby,YIC0195,18,49,19,40,31,-0.0093892525395569,1,0,1
YJF0532,0,61,19,0,3,0.0,0.0,Yoshio Joseph Farmer,YJF0532,40,35,23,47,26,0.1291663080215163,0,0,0
YJV0699,0,37,19,19,1,0.0,0.0,Yvette Jeanette Vang,YJV0699,17,25,30,13,31,0.1773005885677597,0,0,0
YWW0660,0,37,19,18,1,0.0,0.0,Yasir Wade Wilcox,YWW0660,39,35,37,10,36,0.160926082011429,0,0,0
ZCF0590,0,37,19,0,1,0.0,0.0,Zane Cadman Fields,ZCF0590,42,42,42,25,31,0.1883286631857614,0,0,0
ZDW0859,0,50,19,19,1,0.0,0.0,Zeph Dakota Wilkerson,ZDW0859,39,45,26,41,32,0.1857383850849889,0,0,0
ZFM0468,0,37,19,12,1,0.0,0.0,Zenia Freya Macias,ZFM0468,35,16,20,45,30,0.1689172501185857,0,0,0
ZJE0857,0,41,21,21,1,0.0,0.0,Zenaida Justine England,ZJE0857,35,34,36,38,31,0.1502880284693767,0,0,0
ZJS0269,0,37,19,19,1,0.0,0.0,Zorita Jaime Spears,ZJS0269,30,34,16,35,27,0.1965885956728382,0,0,0
ZKS0899,0,37,19,0,1,0.0,0.0,Zenia Kiona Stevenson,ZKS0899,47,20,42,43,30,0.16453549587688,0,0,0
ZMC0284,0,37,19,0,1,0.0,0.0,Zachary Myles Cardenas,ZMC0284,42,33,41,30,31,0.185728672479351,0,0,0
ZSB0649,0,37,19,18,1,0.0,0.0,Zia Shelley Blankenship,ZSB0649,23,25,36,14,26,0.1771427060894784,0,0,0
ZSK0258,0,37,19,19,1,0.0,0.0,Zachery Samson Kerr,ZSK0258,38,35,21,37,25,0.2023429342809475,0,0,0
ZSL0305,0,37,19,0,1,0.0,0.0,Zena Sigourney Langley,ZSL0305,21,26,18,41,32,0.1758519288351471,0,0,0
