user,anomaly_score,ae_mse,anomaly_label
AAE0190,0.16001922615122743,0.07317979579023072,0
AAF0535,0.1936658644882719,0.10739847702642781,0
AAF0791,0.12850966116003448,0.7682973820880441,0
AAL0706,0.1731605496927951,0.3645787468605357,0
AAM0658,0.1970012439325965,0.04931698141852126,0
AAN0823,0.19129463016679898,0.032813417136682406,0
AAS0442,0.20180016368257103,0.0971765564897853,0
AAV0450,0.1975716700275087,0.3013265015120488,0
AAW0353,0.1787470991054652,0.017056357063231557,0
ABC0174,0.0655249844670387,0.4303545793219813,0
ABC0253,0.18233863776771142,0.04895898180634881,0
ABH0663,0.14129208058929504,0.04350823787857809,0
ABM0845,0.14147888505703082,0.4232696031106959,0
ABN0239,0.18246928933683565,0.11304996406572455,0
ACC0042,-0.03830974875932569,0.08929010623419466,1
ACV0812,0.06431076819576742,0.2944886742987671,0
ADC0391,0.12927371294731438,0.25909333308939303,0
ADD0846,0.16702148286309193,0.05747679312498188,0
ADF0397,0.15230616451839696,0.13093753843307307,0
AES0827,0.20744709181849824,0.011098754439810897,0
AGB0186,0.14933888072717616,0.03805712480915604,0
AGB0643,0.20500799684516297,0.02996100346789794,0
AHC0142,0.12128611460976024,0.10074252368102395,0
AHD0848,0.0724454308982313,0.06961723914803482,0
AHG0634,0.17656545261958823,0.11897968841466096,0
AHM0410,0.14145539121640965,0.39273868820688645,0
AIB0948,0.12352532064079402,0.18504851137444003,0
AIH0675,0.18523886198442063,0.4345268014378345,0
AIM0627,0.1880587560189722,0.04165634809282837,0
AIP0394,0.14254115109814636,0.10494555086489382,0
AIP0982,0.17863821445566946,0.4470051590570293,0
AIS0405,0.1640221192307066,0.08691898476510401,0
AJC0840,0.16674477498436824,0.1512474235338592,0
AJD0074,0.09844413681749842,0.30252445096478076,0
AJF0370,-0.0868620348279947,0.5968233044884671,1
AJH0175,0.11281415916013487,0.0858879933938008,0
AJL0462,0.17225620493671068,0.09059625226781845,0
AJN0607,0.11910485758338701,0.05381742987457254,0
AJP0723,0.17895545514931038,0.2771693543819024,0
AJR0319,0.04925812963523324,0.3140441151322016,0
AJR0932,0.18474277813102885,0.13966201802779193,0
AKC0924,0.21325158690630353,0.02872291440046334,0
AKF0709,0.21971658254487647,0.03785809175419999,0
AKH0758,0.194106638154951,0.14345098289125588,0
AKK0329,0.18031792625799464,0.26200932630063156,0
AKR0057,0.14708593208606768,0.1690191649722013,0
AKW0167,0.1988657994854982,0.08136072538897164,0
ALB0892,0.06666856854252956,0.1348856377425992,0
ALC0788,0.19002553336406508,0.060500126611256144,0
ALD0529,0.18662640311071566,0.2206129391125671,0
ALD0544,0.16551501748135589,0.12871853423471152,0
ALH0402,0.1641352471102282,0.4969793572823811,0
AMD0077,0.1678137951467496,0.2078898577225657,0
AMH0464,0.15819402132742189,0.36157759052633787,0
AMH0794,0.20075195000006973,0.11419438611648677,0
AMJ0297,0.13546143601353566,0.3529037444710506,0
AMM0014,0.1617408448954441,0.09648119744710272,0
AMR0318,0.11118209746432578,0.32191825238814786,0
AMR0400,0.16289072905665353,0.07109739233346214,0
AMV0036,0.20486100659030704,0.061102851682955754,0
AMW0392,0.04642522236762292,0.05705277398263695,0
ANM0123,0.1521618270655895,0.2247080319040907,0
ANP0555,0.17599763078149588,0.3154816947877048,0
ANT0430,0.12437355594532867,0.15565968024867377,0
AOB0019,0.14473181544085245,0.1389854935723568,0
AOK0844,-0.006485915086604788,0.31328126922239785,0
AOS0987,0.14012339445243055,0.20472738595538081,0
APG0307,0.17620413897973303,0.061711828281001475,0
AQD0820,0.19163613225713694,0.04104129606016516,0
ARA0252,0.20036273582457775,0.02053100068503665,0
ARB0834,0.18154466983484557,0.15449323373144822,0
ARB0881,0.1452484227176427,0.10307707337105611,0
ARD0509,0.1766395047006023,0.09552349614453903,0
ARL0034,0.21620965408952358,0.11636274283714604,0
ASB0796,0.20057264802264685,0.13777552324491527,0
ASD0577,0.1607793613881574,0.10758280181602586,0
ASG0048,0.20192438465580081,0.011477168385309459,0
ASG0692,0.20851757482203964,0.0935346824881652,0
ASL0378,0.16173636791314128,0.020097998937186282,0
ASM0575,0.17504470205760742,0.17199887719748277,0
ASS0206,0.1703612201262869,0.05658712189176214,0
ASS0517,0.15746788183031896,0.3763013205388683,0
ASV0946,0.1547613422724925,0.1865764311917234,0
ATE0869,-0.01521435613957478,0.3837791553715411,1
ATF0274,0.16457599731825784,0.28984128233713763,0
ATP0662,0.047850824582537865,0.18587572159635138,0
AVM0947,0.11680358250381778,0.5649097217055153,0
AWM0764,0.17057549029072494,0.3670304275010583,0
BAH0875,0.1611709627741717,0.26066847074222527,0
BAJ0654,0.06239632284148433,0.23252015891224162,0
BAK0964,0.19833179582176014,0.12847626898272468,0
BAL0044,-0.07532258477103582,0.5605661818541978,1
BAM0611,0.19333442256018563,0.037947593735573985,0
BAM0636,0.12324487740568418,0.9949753823203973,0
BBG0325,0.12621488588418794,0.31027472671319933,0
BBH0810,0.18345078889348465,0.16499153331135702,0
BBS0039,-0.04053670882436422,0.29002633997918636,1
BBS0422,0.08119655522669145,0.04958423332734947,0
BCB0679,0.151528879540832,0.11891971859303588,0
BCM0653,0.20750505613046494,0.032279044731796706,0
BCR0581,0.10668592780792929,0.16716502806669975,0
BDB0453,0.17030431827625842,0.013839435923174452,0
BDI0533,0.0340871560822924,0.14828429635048498,0
BDV0168,0.209000137288322,0.11800807982895402,0
BEC0505,0.20720049471044089,0.07216442406672328,0
BEH0615,0.10676684015334037,0.03895347041666624,0
BER0314,0.19881471759240732,0.0666517897494097,0
BHC0665,0.09878619409555334,0.27785859992208306,0
BHW0458,0.21860879964917423,0.007612843857719761,0
BIH0745,0.1646343611609012,0.015626428214149623,0
BIS0247,0.17164885568089777,0.11171657229964914,0
BJH0354,0.18903117784534001,0.05401938029407618,0
BJH0811,0.13859251011120188,0.09533536277002597,0
BJM0111,0.1013660943966771,0.004367132500875718,0
BJP0134,0.1377012996509116,0.3116945434111104,0
BJW0619,0.1601219522253784,0.30162577709714866,0
BKW0374,-0.017020654293254833,0.06319488174435298,1
BLB0114,0.1129669778259042,0.2801259041009148,0
BLL0929,0.11897741053735117,0.1521811532725214,0
BLS0678,0.18566044683180838,0.14678785555598817,0
BMC0547,0.19978240328076635,0.11415646674111843,0
BMG0917,0.1992243910678455,0.05916013395584068,0
BMM0112,0.20267699420430524,0.04547189761023163,0
BMS0877,0.1431399894862217,0.18401139128194285,0
BMT0528,0.18519188162944067,0.05066798768736045,0
BNG0237,0.18876858664822566,0.11201010677046087,0
BNR0965,0.1451266185817775,0.6904074308299221,0
BQS0525,0.0076325092856591725,0.15896729977218577,0
BRB0355,0.030745239006372826,0.08834877328661071,0
BRM0995,0.1191837860179068,0.16961038632733458,0
BRS0734,0.082479886830234,0.10324360706351189,0
BSA0431,0.1789135530609381,0.04521349232434573,0
BSB0990,0.16446232075292322,0.1516956973116674,0
BSH0445,0.18287946673485533,0.37481949061802927,0
BSS0369,-0.10338720573996085,0.2375160374553661,1
BSS0463,0.21432228476141374,0.08202272005002649,0
BTL0226,0.15246400724382603,0.1623518880916296,0
BTL0722,0.14212811434332817,0.3636475486323247,0
BTN0061,0.12038209473319939,0.4943886644407811,0
BTR0403,0.10862891995519025,0.249767279500465,0
BTS0011,0.19648841228658037,0.23360741768421914,0
BTW0005,0.1847132671543078,0.2631371247657409,0
BVC0790,0.03098094408651031,0.13341009579095264,0
BVN0514,0.16148010551907827,0.22170260268480924,0
BWH0813,0.22384791111929303,0.026549053390368157,0
BWP0202,0.09525131779203966,0.3863855037030172,0
BXJ0010,0.19913402255825008,0.20571473794541362,0
BYP0070,0.2072761146776198,0.04296517368628917,0
CAA0612,0.17688245905541933,0.29376991400932123,0
CAB0388,0.18924487431986403,0.1221411883732278,0
CAB0614,0.14113555444543596,0.345614111450479,0
CAC0889,0.1648721898235454,0.07913671517270286,0
CAH0936,0.07634542134205657,0.3504970138444372,0
CAM0102,0.1962450056257225,0.352204629492948,0
CAM0681,0.15415576128766412,0.06190212635049022,0
CAN0842,0.22054403768358355,0.020098544786060612,0
CAS0507,0.06370236781432803,0.7257390925913046,0
CBB0365,-0.031286127072316705,0.3085861200933508,1
CBG0398,0.16179657797641522,0.2621354954234071,0
CBG0490,0.14218814495830873,0.2161934962225428,0
CCA0046,-0.01065346423568947,0.30092049792885683,1
CCC0393,0.18778389287365976,0.08650630697956165,0
CCH0182,0.1902693614567743,0.022682515561123315,0
CCH0685,0.15489503131438126,0.257549420029385,0
CCL0068,0.15726467078751932,0.21186772025596615,0
CCM0136,0.14333673427650795,0.16171782244919808,0
CCM0467,0.2062607570358519,0.14030960493068254,0
CCM0855,0.21516898970822113,0.027140787860134817,0
CCR0863,0.19373467561347796,0.1121692085114964,0
CCW0031,0.19419227859439775,0.184696663809509,0
CCW0524,0.19845809669342462,0.28429427165536425,0
CEB0210,0.20003575916734895,0.14000929496416978,0
CEJ0109,0.1681224807844035,0.4464333720604594,0
CEL0561,0.16103834077873025,0.11790680387103446,0
CFG0959,0.13757260320071701,0.5903082213160361,0
CFM0767,0.1428174037415743,0.21907347529855523,0
CFW0264,0.19028127844703202,0.2678682240210881,0
CGA0629,0.18988265235051227,0.056645470891030246,0
CGB0637,0.18566959260050986,0.13998140521657157,0
CGF0337,0.20211387113175305,0.015132761178425878,0
CHG0146,0.19726090298390775,0.13403712561040068,0
CHM0821,0.07547453095314327,0.6738556435912677,0
CIG0052,0.14988661149346383,0.7086978386535587,0
CIM0271,0.1295737482226395,0.12764218992439738,0
CIM0926,0.21246780981661717,0.012644634387560732,0
CJC0494,0.1552944920400996,0.6317711644359988,0
CJF0802,0.11158323800724645,0.043299139232469565,0
CJG0470,0.19179037090171236,0.06328161227363062,0
CJH0702,0.1892155421893983,0.1441508946712384,0
CJK0200,0.21812711819831065,0.06221299532049295,0
CJM0138,0.12781863618682215,0.6860242283464898,0
CJM0521,0.038337884080164475,0.22492660913768414,0
CJP0952,0.1866208079384179,0.3563464443325981,0
CJV0286,0.13395475847250532,0.3188571476831466,0
CKB0427,0.1989763766750443,0.3405677570559946,0
CKB0482,0.15994312323104437,0.13867993301233977,0
CKD0680,0.1591493833314801,0.5574559602117863,0
CKH0144,0.21797080228189397,0.053155660038302036,0
CKP0721,0.20442544166936305,0.026346600498668285,0
CLB0774,0.14176666575163877,0.24838211836434995,0
CLD0894,0.13443964782266216,0.14946963598073573,0
CLF0852,0.16278531932200196,0.25280096716893685,0
CLH0703,0.17352022499936243,0.05164906059850278,0
CLS0296,0.1879579569061467,0.05570170564621546,0
CMB0912,0.022235374743713177,0.19495045910004788,0
CMM0487,0.19725524274380402,0.2764108278075383,0
CMS0454,0.19298795362695403,0.30733541333642067,0
CMW0783,0.1706262816006775,0.4432004537134123,0
CNB0900,0.19711451768906818,0.13042552042238373,0
CNE0352,0.1956680062644761,0.0703656128803721,0
CNM0800,0.1532512540527029,0.22525661527135463,0
COF0120,0.12882844506285923,0.03711578352694292,0
COM0321,0.20620990621499868,0.16952008029107826,0
CPG0322,0.11267741721344582,0.04730047608100952,0
CQH0701,0.13748185547125197,0.4395489963446778,0
CQH0730,0.15952489055487695,0.1701587883473244,0
CQW0652,0.13954531031377376,0.17927116070102622,0
CRD0624,0.191024866592454,0.015809010417374494,0
CRK0916,0.18076057679557134,0.18711542910560963,0
CRO0027,0.15244851838525775,0.11560144647466751,0
CRP0456,0.212223904062049,0.0654679859864594,0
CSB0080,0.19579182871434553,0.26333105899283044,0
CSC0217,-0.031729442919301354,0.24634756910873878,1
CSH0626,0.10161301773443909,0.17446318332962862,0
CSJ0340,0.19418467623904673,0.20563738312953703,0
CSL0949,0.2113126065197331,0.15443433281898356,0
CSP0197,0.12342526524432423,0.5279069068452242,0
CTA0020,0.14562006527293947,0.21244582653828328,0
CTR0341,0.008401477044621908,0.2976625380979742,0
CTR0697,0.1933842597703737,0.1398061374531506,0
CTW0500,0.20460404714782504,0.054196064209653276,0
CUD0795,0.13262661836596634,0.2974630702752344,0
CWB0065,0.09844118209858244,0.5869614982527549,0
CWR0502,0.13518239613622623,0.10538988842262563,0
CXC0336,0.19874870912253484,0.13846720333033521,0
CYA0506,0.15806610769704021,0.047136062688910914,0
DAG0558,0.18607817327696213,0.03770667920210566,0
DAL0673,0.14870694481089242,0.44071779393995425,0
DAR0885,-0.013456994087704177,0.08126416677729802,1
DBB0384,0.21721213315330506,0.004184378480029103,0
DBG0261,0.18674610735379554,0.03415757636705108,0
DBS0235,0.16062492689994828,0.11602210369627089,0
DBW0483,0.1677648254809765,0.05294028701303921,0
DCC0160,0.21290578703362123,0.04534921707643858,0
DCH0843,0.16085571017778683,0.20801090659708807,0
DDA0476,0.16406017065664763,0.0686686167810585,0
DDM0579,0.1955409365283931,0.0830944011300858,0
DEB0782,0.18016426366814148,0.07504435069269572,0
DFH0188,0.1306450680354454,0.15424448252453837,0
DFR0218,-0.03378893076417189,0.302028535593611,1
DGF0443,0.20254416744132836,0.03869811373054818,0
DGM0754,0.1927059127736951,0.21949310906724567,0
DGN0480,0.18800594823772876,0.06811256438604284,0
DGW0752,0.12878462551642234,0.18130851506575754,0
DHM0937,0.18928999033002664,0.4591263240454248,0
DIB0081,0.13205118225715617,0.18156611949477644,0
DIB0285,0.11336653309585676,0.44286042625730404,0
DIC0988,0.21352317319170933,0.0790689117523413,0
DID0650,0.16019038173783962,0.31877063407915446,0
DIW0118,0.1500308865676957,0.25518089131685223,0
DJB0159,0.1581004761112823,0.3456497911509659,0
DJS0682,0.19155837084146504,0.03985021229278902,0
DKB0631,0.17724613479131734,0.12425436858959764,0
DLF0377,0.21390005530500683,0.006379697097548628,0
DLH0029,0.21258878016015592,0.03177893076051135,0
DLM0051,0.08304366886125147,0.12308783898397375,0
DLS0383,0.11613442455598699,0.2773460333172741,0
DMG0358,-0.026691227143081475,0.3665445495345443,1
DMK0257,0.15997881148313442,0.15237270311051074,0
DMM0623,0.20262195694316776,0.03957347512589422,0
DOL0332,0.20509109496115896,0.1006182602048745,0
DOP0562,0.1875297673114657,0.36592401140893976,0
DPM0423,0.18293080778389026,0.07781593344221714,0
DPS0262,0.16288528698694088,0.1617346455034772,0
DRR0162,0.2112745144960112,0.0390550284854896,0
DRR0242,0.10781371895193448,0.3626228295182065,0
DSB0731,0.18285314061273455,0.23200185881862592,0
DSM0591,0.17243804537316088,0.23022802819902533,0
DTP0379,0.13708498823713805,0.06241404325507305,0
DTT0076,0.2053229287822222,0.22711536254633516,0
DVM0265,0.1363821702795277,0.14503063724368107,0
DVW0103,0.20222615132891986,0.02956098142597674,0
DZC0228,0.19758107470460679,0.07082883678377375,0
EAH0466,0.16504012623283887,0.02955579582811045,0
EBC0390,0.21767652838324253,0.0207466865792135,0
ECF0828,0.18117610853712218,0.2897328987067247,0
ECL0930,0.20227288574970004,0.021547216605392952,0
ECR0822,0.18768786517091074,0.09650616895980034,0
EDA0684,0.1879089453533131,0.1960456939263904,0
EDB0714,0.20858413278890542,0.023326065573532073,0
EFS0882,0.1851337095476105,0.03848673125973027,0
EGD0132,0.18231103417354744,0.26584687371154875,0
EGD0409,0.2065330189638656,0.022021080073424716,0
EGK0893,0.1390488805579313,0.06513708954956611,0
EHB0420,0.019655449164965866,0.2807450958344806,0
EHB0824,0.19647442875852972,0.08023805125216166,0
EHD0584,0.15958880552589305,0.061269049362104824,0
EHR0096,0.15446711142377456,0.1271579846368026,0
EIM0156,0.1716621564403235,0.4463625849267478,0
EIP0997,0.21285185844999654,0.04949341265460802,0
EIS0041,-0.08432323344852921,0.1359326069113518,1
EJW0884,0.19193458343930447,0.22845026610412614,0
ELB0847,0.1608559841889497,0.17928214758159414,0
ELH0960,0.19015912672918056,0.023706309743132314,0
ELT0769,0.18802472269711407,0.04836233364066074,0
EMB0531,0.1791903966998033,0.2351186571049881,0
EMS0317,0.14676406054451202,0.06296603352401023,0
EMW0105,0.19498114378890746,0.086299605903491,0
EMW0772,0.172735638293101,0.30494583458658425,0
ENC0234,0.1720191767976933,0.14913369605364937,0
ENL0100,0.1801608166451359,0.2055785908694804,0
EPW0434,0.21833590386880242,0.037456915358397395,0
ERH0449,0.18282266906523148,0.35868844653466975,0
ESA0642,0.18891423347483083,0.19733716501650883,0
ESH0135,0.194566956047185,0.15968485173660152,0
ESH0283,0.13133322682861265,0.09907962472972744,0
ESJ0670,0.046354353729842535,0.10389264267465595,0
ESR0693,0.19490893938095522,0.04973330495259858,0
ETR0177,0.1498810371806671,0.25386980666678993,0
ETR0428,0.15422798683056305,0.2209949308927116,0
EWH0191,0.20052149652861728,0.16603604354265628,0
EZH0736,0.21220148574506859,0.006346192554287694,0
EZT0640,0.10613273357016384,0.11498193281976586,0
FAW0032,0.18695295584041138,0.09496062015306234,0
FBA0348,0.19550490338744736,0.062319437622395585,0
FBW0747,0.13019135308682578,0.02169831920071835,0
FDE0117,0.2183903224862258,0.04254806968136228,0
FEB0306,0.18006782217747375,0.07515536608628061,0
FFC0891,0.053380236917842105,1.0818807408298163,0
FGW0853,0.10057245896560274,0.28593303315772545,0
FHO0630,0.17463124032707739,0.40922481738791333,0
FHS0837,0.1779130679279134,0.13620437311403083,0
FIR0920,0.1427374608410656,0.2772958769411763,0
FKB0163,0.1983582134449846,0.047002240069181855,0
FKK0055,0.03722784843458993,0.3286892998521174,0
FLM0213,0.16312938271767163,0.24004041051686204,0
FMG0527,0.20706565567779184,0.07075216717089122,0
FOB0756,0.07820522341833547,0.14967468091804878,0
FPC0954,0.16491935581326334,0.024101884800108518,0
FQA0854,0.21580085679425187,0.01900994307787118,0
FRB0023,0.08879677174516054,1.4703941773967342,0
FRL0511,0.17588901590722178,0.11061834498549944,0
FRR0832,0.21827920815178836,0.07415899303965516,0
FSB0399,0.18272463362242286,0.04672851723762118,0
FSC0601,0.18300812941585926,0.029161157803693907,0
FTM0406,0.19225361685181885,0.04815058581541529,0
FUM0015,0.18626348472904886,0.14171449092390212,0
FWM0707,0.18194650146566937,0.048537904761767295,0
FXF0957,0.19424104667898456,0.1427519340052882,0
GAF0060,0.17294332305368126,0.2999148971881401,0
GAF0570,0.1530241863196773,0.49853386544068345,0
GBM0603,0.1980743736529797,0.12404020747921697,0
GCC0744,0.20491479870719348,0.09860882138572795,0
GCC0945,0.20877717528698658,0.16127697315677214,0
GCG0951,0.13375459955250463,0.13633875531421805,0
GCL0016,0.1504779152045741,0.04434823817526373,0
GCR0554,0.16907274470261408,0.14217179250401826,0
GCS0518,0.18315023224855553,0.10083420738881742,0
GCS0571,0.1564675146765377,0.06916465483034484,0
GDF0704,0.14953815186509917,0.051592126882955495,0
GHH0288,0.1168835590867961,0.37201257409592015,0
GHL0460,0.19020042684388372,0.18873131628020523,0
GJD0298,0.17679816185538388,0.05783612843459968,0
GJT0386,0.14533286727893602,0.11467034778947864,0
GKO0078,0.1519155934982277,0.159422168445479,0
GLR0975,0.18857157415497006,0.1864962746291134,0
GMF0738,0.15833029924587555,0.1584495299516136,0
GNS0178,0.14843133060280583,0.17307419996108564,0
GNZ0953,0.19544999916103628,0.04533077612565734,0
GOK0238,0.20802352764157345,0.12548419073234213,0
GQF0659,0.20784375604241545,0.1942934900103345,0
GQP0743,0.1906012427610566,0.050071734320192345,0
GRC0145,0.17942422820741866,0.10655224028298761,0
GRM0868,0.1840011006816022,0.2372120857183277,0
GTD0116,0.1944034318774142,0.17598951330973675,0
GTD0219,-0.0036934012746966394,0.07662485771809323,0
GTD0898,0.19101733599996307,0.052454655067700647,0
GZB0469,0.19376863066352557,0.052194915123837365,0
GZC0735,0.0986708149824933,0.41792012415371604,0
HAC0282,0.18817836547208888,0.09808291518876762,0
HAD0246,0.002350064768932625,0.35571425500428994,0
HAH0248,0.2105940670186095,0.1793546203478132,0
HAH0760,0.18354317129603165,0.13093323845936974,0
HAM0985,0.15933507260760238,0.3002011098991181,0
HAV0121,0.20154591276805145,0.0419030629925461,0
HBB0056,0.21125173812132092,0.08959876204176292,0
HBO0413,0.16190776439221227,0.6965122462632475,0
HCC0344,0.1558376859828563,0.09995032723004932,0
HCL0113,0.19096290463648413,0.3821578280163285,0
HCL0651,0.1762444960511591,0.23792631096733538,0
HCM0267,0.20755021666216827,0.06925542909432907,0
HCS0003,0.18245838770893497,0.2309367959637757,0
HCV0478,0.1432568292938569,0.5364931753744743,0
HCW0419,0.19619869165056253,0.22057961355713934,0
HDD0789,0.18207267924103787,0.15671038414353042,0
HDD0806,0.033506236971896475,0.04436237257593989,0
HDH0928,0.21527933846294095,0.023340707600184533,0
HDJ0446,0.1734160801408139,0.1706303255081646,0
HDL0748,0.1517250329004376,0.16247179823066335,0
HDS0367,-0.05080874505738897,0.5467132141955457,1
HFB0347,0.2138592070917062,0.07609834438389733,0
HGG0240,0.2010222465997008,0.045352789010722,0
HGH0595,0.18526873584308118,0.2797178942370245,0
HGN0287,0.18815000257922115,0.29923996056884855,0
HIA0414,0.21925724346591885,0.012165136088819362,0
HIW0536,0.15684093877483718,0.27060107265205263,0
HJA0018,0.1777165709883175,0.20800115744045425,0
HJB0742,0.18771730945650977,0.13231336661636894,0
HJS0072,0.11614815548476315,0.10934645832301217,0
HKB0418,0.15463456971422723,0.4751471614818142,0
HKF0831,0.1634854221144283,0.15315028618966597,0
HKI0171,0.18776322807406182,0.138715393782356,0
HKR0628,0.10952206990384927,0.3485331189602804,0
HLH0512,0.03304197714227031,0.5569744381307191,0
HLM0933,0.20840130138137225,0.09161854320834743,0
HMM0108,0.12997126817999333,0.14488874726888665,0
HMW0713,0.2164906390205658,0.12592166494894294,0
HOB0994,0.1984522189677701,0.04368352088479813,0
HPH0075,0.10402474205841067,0.021591877584028328,0
HPM0986,0.2127829806610178,0.061629912037988094,0
HPR0585,0.1416622591517011,0.19630984475949667,0
HRB0351,0.07382206354900589,0.4666999490492703,0
HRD0635,0.08345761967450416,0.3726065309728143,0
HRL0540,0.13146150960793757,0.17549977422305446,0
HRW0550,0.2222076194771937,0.07515017577620138,0
HSB0196,0.049570611310660984,0.4520047414782258,0
HSD0457,0.19864398735643085,0.13766557717502803,0
HSG0818,0.15653156154831638,0.2330449874219955,0
HSP0290,0.19225707625481536,0.25066550691370054,0
HTF0641,0.2169505541041299,0.1697716854416228,0
HTH0007,0.19732041197825606,0.07495211501747079,0
HVB0037,0.08641672682899093,0.3497946006482922,0
HVF0067,0.1300762048470293,0.22971171048784536,0
HWH0646,0.19168344532563758,0.11321201280170622,0
HWM0342,0.16388298215472247,0.22427045842773125,0
HWW0436,0.15342296318080623,0.07838836880158034,0
HWY0038,-0.03001711845787658,0.47235623590507475,1
HXL0968,0.19261806624414335,0.365533572312061,0
IAR0694,0.04924255681892575,0.39405576756614913,0
IAT0263,0.2078468260099498,0.020374832598004412,0
IBB0359,-0.040948937375542394,0.24238902222436742,1
IBB0696,0.15757229203188772,0.3243641244921991,0
IBM0671,0.1411150232374649,0.092639146992089,0
IBP0883,0.09562484005458038,0.9299691433856452,0
IBS0836,0.02823787394620192,0.614966259302327,0
ICH0294,0.1486300328491546,0.05077372525552661,0
ICS0956,0.1943528562763721,0.0357729602684956,0
IDO0176,0.21544019616055632,0.03097387488708856,0
IEB0153,0.15230258047470824,0.17443036463752468,0
IHK0841,0.21768675312814934,0.06384125138609417,0
IIA0092,0.19741364947077972,0.06477324418916626,0
IIL0513,0.08821620217869997,0.290565345004591,0
IIW0249,0.12742526821083994,0.08709708406229061,0
IJM0139,0.1660153900488645,0.21357072332253957,0
IJM0444,0.15285098198550895,0.0947246900496765,0
IJM0776,0.20292672036976672,0.060606220286122434,0
IJR0825,0.19846138824302512,0.2640147103578546,0
IJW0851,0.13094701963586713,0.11546969598207352,0
IKP0472,0.012986293045150532,0.2141761511846466,0
IKR0401,0.19626098172477724,0.16663453455357183,0
ILC0838,0.21014161522256275,0.012977437677844912,0
ILH0958,0.10992932710449788,0.3670794364900539,0
ILJ0526,0.0498811973316049,0.19239216149500227,0
ILR0304,0.17209548572869948,0.06925681929968565,0
IMB0481,0.15245390311966933,0.7056817952079278,0
IMG0320,0.15937032184809624,0.4785877957245628,0
IMP0530,0.15122409234020667,0.6228244219438076,0
IRM0931,0.01584979055743374,0.17122978016651327,0
IRT0491,0.18217854794450894,0.19566135791264808,0
IUB0565,0.20696136997283937,0.040525206736140455,0
IUY0279,0.18021087199171765,0.17029627133799863,0
IWM0816,0.15307012377364193,0.25390905721842766,0
IYB0918,0.18562380350550428,0.040168739138682255,0
JAD0609,0.1490481566442055,0.08803585938297595,0
JAJ0849,0.08325161480205057,0.06258221768711385,0
JAM0382,0.18844102054687928,0.07229863487872601,0
JAV0361,-0.03854191781535243,0.528103479430568,1
JBD0616,0.18348882097724262,0.14841267476157702,0
JBM0350,0.11437315101382672,0.18384132148329127,0
JCC0225,-0.057807011470191294,0.90475955093019,1
JCG0316,0.16074450772883553,0.1063806785704447,0
JCR0172,0.10763357983859018,0.14734961914503228,0
JCR0289,0.20350350010933993,0.09334044349230462,0
JCR0770,0.19352371666270896,0.17297509670519295,0
JCR0921,0.18182635520976947,0.14630772147744306,0
JCV0245,0.21338433930739814,0.16098215582779213,0
JCW0858,0.14912092299702506,0.4719362522494959,0
JDB0169,0.1471490787080738,0.19297004921606356,0
JDC0030,0.053752040749169505,0.2062316290805097,0
JDF0593,0.05809716934598863,0.13071943991858564,0
JER0404,0.1762698691876644,0.24988847329226055,0
JFC0557,0.17087459232939467,0.10549552594060789,0
JFC0757,0.17633296289814315,0.3405173172420779,0
JGM0934,0.2009899676817768,0.03851327424896656,0
JGT0221,-0.04376972824206149,0.3433805229989643,1
JHP0583,0.07909007838267945,0.46614797162253935,0
JIG0128,0.19376838348844933,0.2383274705683565,0
JIM0095,0.14202480374928728,0.11540929676485749,0
JJB0127,0.20932506665774275,0.0704670126169684,0
JJB0700,0.15817793570365796,0.0912358942137716,0
JJH0292,0.17506432637857106,0.15569327366090235,0
JJH0613,0.13579923706654962,0.3857873276292674,0
JJM0203,0.18003858621606011,0.11637194874763263,0
JKB0126,0.21036628987796996,0.1439868224488431,0
JKF0465,0.07979986119360649,0.5429346021067967,0
JKJ0698,0.02491812305696184,0.531597139693217,0
JKM0303,0.12394976717527806,0.39199570643945325,0
JLM0364,-0.023787510453900707,0.25658949919632035,1
JLW0053,0.20265142134198144,0.03190112526574291,0
JMB0308,0.19483863566822812,0.05389527428480103,0
JMC0925,0.11777035027919697,0.31041163334451355,0
JMD0520,0.15840391293395956,0.2696710869369034,0
JMH0543,0.1757354487865208,0.07863699545630279,0
JMK0099,0.16130260044285122,0.1290936074694932,0
JML0909,0.15062087788010942,0.05782146952289018,0
JMW0638,0.2114014410180161,0.16614672126141586,0
JNA0559,0.09538895079566567,0.05169630599755986,0
JNJ0556,0.19257887157473969,0.05549019765497572,0
JOL0024,0.1910922693139721,0.10517716184092224,0
JOM0750,0.20400674169958677,0.06703479021633188,0
JPA0667,0.1852046021122873,0.031006904308912134,0
JPW0741,0.2072174129118563,0.10129067735194121,0
JRF0835,0.16544262380417102,0.240651897920048,0
JRG0207,0.216912541211847,0.027872152619529064,0
JRH0455,0.19534789690033183,0.06109994255722844,0
JRL0574,0.1315563603302996,0.6864149105511067,0
JRS0362,-0.0833956426020368,0.18907579182885073,1
JSA0775,0.15452734010748742,0.04183462141235011,0
JSH0330,0.20084711151400558,0.05427885658783793,0
JTM0223,-0.0727624921914054,0.3121187877254409,1
JTS0389,0.12924816394204602,0.03718368914061698,0
JXH0493,0.19952930685455222,0.11911959972636357,0
JZD0888,0.18277934170581078,0.08599208390693015,0
KAC0124,0.19823605099144265,0.08548649972754255,0
KAL0395,0.17546292160654603,0.10915911203876703,0
KAT0270,0.20590670552684398,0.025270624319190825,0
KAT0489,0.19121304692322416,0.2047253355766869,0
KBB0189,0.17761871578334187,0.24071788511397232,0
KBC0054,0.19040800511315387,0.05737674842569076,0
KBG0549,0.13187437048070538,0.05487952475185345,0
KBL0260,0.15393211632742926,0.042677041307823085,0
KBP0008,0.11122018318684984,0.11961032036093568,0
KBS0874,0.1957414192911635,0.1540990317664881,0
KCB0815,0.16978322764457432,0.27653439556370357,0
KCF0045,0.00019438954077355408,0.0753963446006811,0
KCO0122,0.17726762673073032,0.11157649751655878,0
KCS0173,0.1237355059755959,0.15978064051867136,0
KDS0349,0.19591032350741472,0.02788215313449577,0
KDT0346,0.1739989531596608,0.1589437826299597,0
KES0729,0.12955838746058057,0.12696739456468262,0
KJA0152,0.17016677024604743,0.27102054020162075,0
KJG0910,0.1648030463170702,0.2627737670797028,0
KJJ0293,0.16075070110145118,0.13662180380809177,0
KJM0887,0.16693370838847593,0.3320218333911521,0
KJP0371,-0.021644478020459768,0.14042471686869112,1
KJS0618,0.13852501824129093,0.0643393991112189,0
KJW0416,0.16361016889294966,0.14859773089713257,0
KKC0683,0.18307182841284342,0.40338307260156225,0
KKS0119,0.1759363003512427,0.11266524259492475,0
KKW0879,0.1550844138933506,0.07727634830039005,0
KLH0596,0.14544371845920578,0.16924301597062047,0
KLM0639,0.18265496670397696,0.02219937683897216,0
KMB0922,0.11373949573101683,0.20452183493538448,0
KMS0657,0.19443283976787307,0.23796230716148425,0
KMW0545,0.1811576356121764,0.026612511021887882,0
KNB0022,0.18832797386576905,0.15157732009106575,0
KNG0672,0.19281706323560183,0.3344236979442363,0
KNW0644,0.17028537017998385,0.24432911284168576,0
KPC0073,0.15757131709380295,0.5864282709210695,0
KPP0452,0.14951675701639727,0.1959944790864667,0
KPR0497,0.11346923238496881,0.13804214055749672,0
KQC0708,0.1877467670345805,0.15139811567462255,0
KQS0415,0.17898947632009893,0.2050741261617592,0
KRG0158,0.19993190202200295,0.06642108008231543,0
KRL0062,0.2011968748042977,0.14290952442483718,0
KRL0501,0.18884656596284005,0.11314404359190751,0
KRM0541,0.198331978040179,0.16900121539798674,0
KRV0372,-0.004920144732095788,0.0566527029140591,0
KSH0569,0.14082434690718104,0.6336765229942726,0
KSP0357,-0.011205041822213269,0.24723629309648218,1
KSP0966,0.21016409080078863,0.021076088962955042,0
KTG0091,0.18766582918480873,0.24895752033131657,0
KVS0425,0.19476084192920606,0.025804862568042052,0
KVT0028,0.18856703281984089,0.1643317889703886,0
KWC0004,0.20612363852953353,0.1243275938869035,0
KWE0082,0.16244978186653342,0.1756885066415335,0
LAF0991,0.2108630185166125,0.026879122058892403,0
LAM0911,0.18125585441489134,0.02542847413968995,0
LAP0338,0.031018490362154538,0.24441355822876717,0
LBC0356,-0.05890560426008762,0.411450103455391,1
LBF0214,0.013717657340882927,0.44320993361116195,0
LBH0942,0.0901753465011289,0.05286017666069353,0
LCB0664,0.16576515100708844,0.05486213554818362,0
LCC0819,0.15918257305294703,0.4071381701864079,0
LCD0622,0.17483226646791172,0.36932898884218585,0
LDB0090,0.18387877666627284,0.4759599178645498,0
LDD0560,0.09418522751973224,0.303198540900746,0
LDG0459,0.06747215091924941,0.34265234283211754,0
LDM0587,0.16976614005069285,0.43471677703167333,0
LEM0605,0.16720844835888904,0.056755140473255986,0
LFS0071,0.167998982362282,0.4530121281732706,0
LHB0606,0.20668899034584948,0.12206706264600659,0
LHB0967,0.19314926965589013,0.34887625286364177,0
LHL0309,0.16390612255146192,0.4281742996583507,0
LHN0151,0.1551159164085985,0.06165305833092429,0
LIM0674,0.07257380681662917,0.1077341344025265,0
LJB0826,0.2083398749174299,0.06858052786973776,0
LJJ0905,0.156596809374614,0.17025388050370982,0
LJR0523,0.16209641944596725,0.17329031186521113,0
LJT0817,0.17595685478754736,0.029884764727777183,0
LLV0602,0.17536878608891282,0.3403631200098818,0
LMF0980,0.14943489815588928,0.07226900083286573,0
LNR0656,0.1655682496491106,0.28437470671880877,0
LNS0989,0.16832427450127824,0.1372922142846398,0
LOF0311,0.16528360146155868,0.19355657295554038,0
LOM0086,0.14184181485902986,0.04591223216951019,0
LPC0492,0.20140236104689696,0.08096994246879342,0
LPH0572,0.1637381731539524,0.2370003462006889,0
LQC0479,0.1878194503732601,0.14130226871313445,0
LQP0508,0.1323913176889488,0.20966219591660493,0
LRR0148,0.06519078800729039,0.35318326312101145,0
LRW0970,0.16509560972767556,0.14319144214840074,0
LTS0860,0.19181984375397704,0.24745169782280382,0
LUR0896,0.06723325337928865,0.26920386576161276,0
MAD0496,0.07586594104626077,0.1345397717926334,0
MAD0753,0.17100366083045881,0.29419597790967306,0
MAE0331,0.19354122075127705,0.30993514404683603,0
MAH0149,0.16165654297381316,0.21884615806518123,0
MAH0864,0.19408248796603955,0.27996580735659604,0
MAR0955,0.19193869322882579,0.033834031880532515,0
MAS0025,0.17774902891358668,0.24966690603469646,0
MAW0166,0.19017959093468184,0.21914186868081173,0
MBG0438,0.20425077753252646,0.135187001962365,0
MBJ0312,0.10348296176366789,0.2959208097773767,0
MBR0724,0.20613527925853992,0.07670350592556616,0
MBW0809,0.16266708345393138,0.16749210334108122,0
MCD0125,0.04063407217283643,0.06506332747618773,0
MCF0327,0.20056666588808175,0.018579296475982554,0
MCF0600,0.07111490816772215,0.2435551558076354,0
MCJ0324,0.1987372296866553,0.06652306586618605,0
MCS0035,0.19407103155855931,0.15927876785731152,0
MCT0720,0.17855264913491137,0.09104354566777471,0
MDH0580,0.2040175939746579,0.0439926800560145,0
MDH0686,0.0732775319235649,0.10234701338037908,0
MDM0625,0.14781468669239944,0.2668149172067457,0
MDM0976,0.22054530203763095,0.0054638341299725526,0
MES0407,0.1752382464141592,0.281458243254072,0
MFV0897,0.17443524859396875,0.031201870051967315,0
MGS0974,0.11684226990586638,0.2508781170106362,0
MHA0798,0.11737504062543208,0.29728416215192505,0
MHG0244,0.17100332928606538,0.42786605147883416,0
MHG0733,0.20459955859549372,0.08051386631529983,0
MHH0180,0.09862417606869844,0.36574328447283944,0
MIB0904,0.1744258710130167,0.04483740928199345,0
MIC0726,0.1912011333550908,0.11075915920665173,0
MIL0255,0.20859832849655624,0.16608826749863143,0
MIM0712,0.16526992969878485,0.05255907849575837,0
MJB0588,0.14729640621165907,0.21953860297257757,0
MJM0510,0.10655390712212642,0.15123828654136962,0
MJS0890,0.12039069061023289,0.4291928619929846,0
MKG0711,0.16210153020576562,0.397177809659142,0
MKL0941,0.19048486906801393,0.07384528326990664,0
MKP0861,0.20437987379029365,0.07309855352123797,0
MKS0204,0.19770425094633842,0.16373909846761892,0
MKW0441,0.14573075040376454,0.14970743309979745,0
MLD0755,0.16074246783631818,0.14028697462022358,0
MLG0475,0.17689078795889268,0.511035691042418,0
MLL0598,0.15798954128331216,0.36453334551997985,0
MLM0950,0.07586546651308146,0.062196963926067356,0
MLP0668,0.1848239294342302,0.1894194520177285,0
MMB0488,0.1821504289152745,0.13761387762315422,0
MMG0943,0.15322024978445437,0.04687443208427266,0
MNC0717,0.1716357248910479,0.14866949430165763,0
MNR0829,0.1967512320615908,0.1502092674314148,0
MNS0224,-0.024307681269530867,0.2088832472047823,1
MOH0273,0.07017871610931459,0.2830980540235395,0
MOP0763,0.20174286376452583,0.06332257248326158,0
MOS0047,-0.07813885234666229,0.1501973310786575,1
MPM0220,-0.04589708971593098,0.37163685540601693,1
MPT0376,0.0714964029812909,0.6939010523423601,0
MSD0939,0.1857536176881227,0.09666794452091033,0
MSG0839,0.20152379936713166,0.027280186656651436,0
MSH0040,-0.06224927522053059,0.3973718039197413,1
MSO0222,-0.04730182410744266,0.5608379082204085,1
MSS0001,0.12933249507337435,0.17179089470238346,0
MSZ0310,0.20378503382882857,0.1272982913643929,0
MTB0620,0.16284286223886468,0.24327861092478098,0
MTT0901,0.19802123195083787,0.09265911977780944,0
MVB0515,0.13675723364864178,0.25736916532717247,0
MVF0594,0.18844203286220784,0.31801285662136985,0
MVH0373,-0.012438832653098086,0.2636095151400604,1
MYD0978,0.2020058351330385,0.02119406468208611,0
NAB0801,0.16246256697946565,0.056388241984732086,0
NAB0903,0.18272568143174245,0.07400160154851142,0
NAF0033,0.21576600944951158,0.038042416400966325,0
NAF0326,0.023745185030970006,0.1957199034126697,0
NAH0503,0.10633334181447918,0.14604232740716216,0
NAR0981,0.1651439972734351,0.1678337679119441,0
NBC0412,0.17857024589949605,0.16954310231552802,0
NBH0256,0.1804167513466035,0.39857011244343304,0
NCE0097,0.1619997199409996,0.11737952382477648,0
NCH0179,0.16463003117120178,0.050506076386070714,0
NCK0295,0.20118625772692533,0.19045338699936512,0
NCK0421,0.1920035722967941,0.017490668715877542,0
NCO0666,0.14224612813902088,0.35771308973806715,0
NDM0417,0.10759383511297216,0.055900337592013676,0
NGC0058,0.06561255298563085,0.1337176365875064,0
NGF0157,0.10219127246005344,0.15184055052549172,0
NGO0690,0.18779817253435765,0.08980055469654065,0
NHE0919,0.18237686668786257,0.10764056553491429,0
NHH0185,0.2109234707760666,0.06692161599175452,0
NIH0969,0.17372904590109478,0.18670853543280383,0
NJB0243,0.18130067318102833,0.13123924339439674,0
NJC0705,0.21727432421369525,0.03698703157433471,0
NKH0807,0.17420694580986396,0.12426431038921976,0
NKH0979,0.11979732143793925,0.23985699009954456,0
NKP0236,0.19711819847339174,0.02743226997326342,0
NLO0131,0.1486677254019909,0.23784026519510892,0
NMB0972,0.1990926168916623,0.2829190164347261,0
NMC0486,0.16183065471060948,0.4407052382283391,0
NMF0780,0.20440593066572038,0.038236898395492554,0
NMG0766,0.1727517231146879,0.2589899877268065,0
NMS0280,0.09777810651695662,0.1299981281549201,0
NNA0610,0.1831845237405515,0.07140688783030132,0
NNS0059,0.18121596561432685,0.13589263320929282,0
NOB0181,0.04002856823056755,0.06601345801444065,0
NRD0548,0.206380983558751,0.009973383969367445,0
NRF0137,0.12478446704517177,0.7207571648815886,0
NRO0768,0.17855895189768173,0.16237179985974753,0
NSC0597,0.12711438270745612,0.05180306043087066,0
NSS0876,0.19905701384506935,0.08204316114795202,0
NUL0471,0.19076987395486739,0.1233245956808903,0
NWK0215,0.037220404562747,0.056105030185457976,0
NWT0098,0.21854038563492123,0.06237877365898052,0
OBH0499,0.05094236467622115,0.07882326942376913,0
OCB0805,0.15811727723057029,0.2677542115839931,0
OCS0865,0.19343018549648971,0.17121888806949112,0
OHC0973,0.19758689275438618,0.09166379699434984,0
OJK0233,0.20303050706404618,0.08388155847311535,0
OKB0439,0.2159383979544346,0.03858431065796772,0
OKC0107,0.16736951234106567,0.17127489922425373,0
OLB0749,0.20007723194987187,0.06587055130507656,0
OLF0504,0.1996999945961056,0.06037572649228238,0
OLW0689,0.1945918417937112,0.04220950293357855,0
OMM0944,0.1867982013210639,0.03839799659800932,0
OMS0101,0.1853433193442438,0.07053590605145603,0
ONL0276,0.14049372986371883,0.10075831187459353,0
ONW0083,0.20120088807161313,0.125512125826715,0
OQH0183,0.20201728656460993,0.12238640850008863,0
ORB0473,0.1674442195020761,0.4579360151671011,0
ORG0339,0.11051318754899114,0.31088787875981055,0
ORM0669,0.17330616129087106,0.13966917368054182,0
OSH0655,0.1833014304697257,0.13174783528083722,0
OYM0026,0.16621049638990304,0.04053963938454255,0
PAD0773,0.09776746818990045,0.1536172556089352,0
PBP0002,0.15136896282774037,0.3454167164352859,0
PDH0716,0.13214435693677284,0.722116290202004,0
PDW0259,0.13657454462452606,0.20497792668666046,0
PES0085,0.18355190228124374,0.2221223416159744,0
PEV0323,0.17136668894171214,0.08916498463504983,0
PGC0066,0.20521331060178455,0.025427815962800082,0
PGH0184,0.19995608172847046,0.08829562935953071,0
PGO0433,0.18223375113536205,0.13101195312048158,0
PID0426,0.12557606774859076,0.2865790193573727,0
PIS0522,0.08811717607550895,0.5523766291391571,0
PKB0281,0.1570550385411969,0.28687075194894524,0
PKB0429,0.1839800534282648,0.023076438051086542,0
PLH0715,0.21801010507523594,0.02244937824116776,0
PLH0862,0.21190060837221364,0.09523705027440857,0
PMC0328,0.14331181350592326,0.2682149473487749,0
PMJ0564,0.10706803148586608,0.14997272727860736,0
PMV0850,0.1132807683901142,0.21319498544875062,0
PNH0761,0.14260281117613355,0.10157311341721299,0
PNL0301,0.16528547756936102,0.15691451554229294,0
POB0343,0.18073281635162441,0.3103544921918712,0
PPF0435,0.17451760058817473,0.21422866208357058,0
PRM0740,0.18390357791983963,0.13221686235969218,0
PSF0133,0.17451283230991638,0.03924741928473527,0
PTH0552,0.17498908624855936,0.0290821182862965,0
PTH0830,0.09814291483193927,0.3559474703027181,0
QCH0110,0.20437628967470867,0.04834935699532538,0
QJR0688,0.11779950131991346,0.01828955666916403,0
QNF0205,0.22170643089938558,0.12134716824088043,0
QNP0216,-0.042739880486239,0.3290578301866905,1
QOS0878,0.00601415021825269,0.18601074292596234,0
QPM0727,0.2027133231474672,0.010527966340573612,0
QRM0739,0.181574827249686,0.13902759480745758,0
QSV0778,0.1878115623022623,0.18035170696257888,0
RAB0589,0.1391947806086929,0.17338250966576052,0
RAG0275,0.19849704771195636,0.2552042870069488,0
RAH0440,0.16654871357256484,0.04454310298098789,0
RAM0447,0.05013452227384352,0.2793334984818765,0
RAR0725,0.21109668286603106,0.027547145873200143,0
RAS0432,0.12345796043369389,0.016868390712068058,0
RAW0915,0.0938948309080394,0.032446373028012405,0
RBB0485,0.20836549319955028,0.03713335307348465,0
RCC0617,0.13957084866651015,0.5674879369585963,0
RCP0785,0.19761876544143303,0.1038330947572772,0
RDM0115,0.1956218635052594,0.18603817747420903,0
RDM0150,0.19156281789618052,0.20336421103404048,0
RDT0424,0.16302672087981857,0.06074329163934566,0
RFP0380,0.21687847775304653,0.05993661856850016,0
RGG0064,0.19103488903417298,0.16650690356287282,0
RGH0728,0.19989261135998432,0.019273750246098266,0
RGN0408,0.16885852944678004,0.0962471995366352,0
RHC0335,0.19412755335586152,0.09187921389852187,0
RHL0992,0.14203012347453065,0.47383811898187117,0
RHO0732,0.08920153193183689,0.16058266755698786,0
RHP0484,0.1758643851445747,0.1381549311599356,0
RHY0079,0.14391572218755194,0.22723850122231334,0
RIH0777,0.18064756191193826,0.4138533072519163,0
RJB0088,0.16487113913013485,0.19697455908976866,0
RJM0381,0.14997616910619355,0.07018904383043743,0
RKD0604,0.17379561360457052,0.4310238742285584,0
RKF0164,0.15392189527418243,0.1271587001058783,0
RLB0719,0.1480090589442838,0.09458708484183963,0
RLG0856,0.16515496871090785,0.20511365677368687,0
RMS0266,0.20345587902842027,0.08256482616989595,0
RMW0542,0.13015714958059815,0.1458048921730742,0
RNF0765,0.18967804885348927,0.20657787722027496,0
RNL0695,0.1606745922582653,0.056736987367221374,0
RNP0211,0.19275271456731108,0.232395503356564,0
ROB0272,0.2021208126056489,0.111602459755844,0
RRA0938,0.21150881443934544,0.028638628752275998,0
RRC0553,0.10714959258763168,0.21320208216862097,0
RRP0568,0.14296982973820543,0.09282924433795241,0
RSC0089,0.1775066837427668,0.13909492237457116,0
RSM0277,0.11120066212185103,0.09664815451203168,0
RTO0313,0.15799229811100302,0.2312825621834692,0
RUM0880,0.18103928965800292,0.05108745374427459,0
RVC0232,0.1728184575317312,0.16714450318837024,0
RVF0201,0.21058591316573416,0.022702442216999644,0
RYB0718,0.14851631058612036,0.15467136115435884,0
RZC0746,0.0007035434206333901,0.2753355215053325,0
SAA0999,0.13256718744035267,0.03116181724703618,0
SAB0781,0.20039298297775993,0.060279311393173815,0
SAC0592,0.16952145359214488,0.04793799415307331,0
SAC0687,0.1530507799509453,0.43968903840437557,0
SAH0599,0.13972681719654684,0.11962058175133321,0
SAK0375,-0.0285824711732221,0.11880918733505096,1
SAP0867,0.17803318663398054,0.10860108325961398,0
SAT0194,0.17403385128625043,0.11712673631644271,0
SBD0913,0.13750025487297174,0.17664782980816682,0
SBH0537,0.10624177126742945,0.22474972795186468,0
SBK0161,0.08246091235396091,0.40619065962329676,0
SBN0495,0.17349294852874075,0.19026155349632656,0
SBN0866,0.1824488982386594,0.08929732394159565,0
SBN0971,0.08640992539806258,0.1159217990813553,0
SBQ0786,0.17651840983148864,0.2774788379900551,0
SCB0534,0.1964661317095277,0.03443027283076559,0
SCF0608,0.1802414977804802,0.4844358472141815,0
SCP0130,0.15588489688134183,0.2611478552149239,0
SDB0106,0.12920558019180295,0.17916034119386426,0
SDF0017,0.1674396305773288,0.39530585501632537,0
SDO0170,0.1722218659648977,0.0681865680576414,0
SED0886,0.14519956098978576,0.08400401023079723,0
SEJ0677,0.20407538942949638,0.03033925955701845,0
SER0165,0.18957859065936078,0.13133722610614124,0
SES0477,0.1750568922035538,0.04908574892401674,0
SGB0140,0.08467802561270532,0.23214399648058529,0
SGG0787,0.14435533021378794,0.2555303746341852,0
SGM0021,0.1690023423657705,0.37311061803257994,0
SGS0268,0.1706229231981003,0.2161178732753832,0
SHR0334,0.20566137057205852,0.04125940936554812,0
SHW0578,0.16089996121621541,0.08959671559147357,0
SIJ0661,0.14822536207610781,0.7362352225480209,0
SJC0333,0.18053033481443848,0.1690793366422326,0
SJF0094,0.19214185318888427,0.10959728442233362,0
SJO0209,0.12892462261954862,0.15937333844299154,0
SJW0451,0.1676210546935532,0.09707439041636032,0
SKG0759,0.16094560349053022,0.14769671526813416,0
SLB0049,0.13412292334777098,0.4640348362225117,0
SLP0762,0.16868088272040838,0.0939522892535106,0
SLT0907,0.16700176097331032,0.04415372153061857,0
SMB0804,0.16706774643177819,0.2695751388130032,0
SMH0291,0.015141912866742824,0.2545441771410622,0
SMW0084,0.16962827428616611,0.24694717862689008,0
SMY0792,0.12930436366278997,0.15469850231321625,0
SNC0187,0.21182979122063123,0.017866785076571804,0
SNS0129,0.1647582111163391,0.20262667638690965,0
SOB0360,-0.026992470434965332,0.11160752554223084,1
SOB0586,0.20399088256993392,0.0876894038190216,0
SOF0808,0.21140893965360152,0.030957238962648757,0
SOG0411,0.1907212317482913,0.18198691111335027,0
SPA0141,0.1161483198403222,0.34706264850992147,0
SRH0155,0.09399325683597437,0.38143786181068523,0
SRS0231,0.16012371543441195,0.3066513059753315,0
SSG0250,0.1976694890480959,0.04706388627741249,0
SSH0799,0.08920031700947562,0.3106311544463219,0
SSJ0784,0.02261055800835088,0.3290704710208843,0
SSR0278,0.17448535096184675,0.09125061160180628,0
SSS0345,0.18132650455215688,0.3426527279428697,0
SVL0803,0.20191635848552547,0.07756613315309467,0
SVL0940,0.16620611553512304,0.4242432292117266,0
SVS0871,0.12826127265351156,0.1560349884508705,0
SXM0895,0.14819703992036165,0.09683005504110986,0
TAC0300,0.1580794778620886,0.36660879016493164,0
TAP0551,0.15331395141678883,0.21040511251560615,0
TBT0461,0.19433306213851892,0.07521630606875164,0
TCD0009,0.1670626226807177,0.16657371355108797,0
TDG0962,0.14114100472415325,0.2180657130748581,0
TDJ0998,0.15202868936151204,0.07685786006955872,0
TDS0984,0.03455128089182724,0.09500747522095011,0
TEB0251,0.13324349209519865,0.10705529276532988,0
TEM0093,0.18687665702406808,0.013077980566533476,0
TEM0977,0.1834579592586995,0.19832223788581302,0
TET0621,0.1539276733499535,0.06136619162619667,0
THD0448,0.21701193670381613,0.07255857920366676,0
THR0873,0.1780629116737868,0.17799914164041492,0
TIW0299,0.17708300280181777,0.21212034211131198,0
TJB0302,0.19109140258687857,0.06440712726576957,0
TJD0996,0.20688460769683775,0.033013717604224974,0
TJG0582,0.16089333655249433,0.2860690229187366,0
TLH0648,0.212559226641319,0.15892460495403332,0
TLK0993,0.19997224020368365,0.028181968940805935,0
TLM0797,0.19452361015791003,0.05982665291048803,0
TMA0069,0.20009956401615087,0.03868067822313792,0
TNM0961,0.11822514757466529,0.1703391697327934,0
TOR0193,0.1764524617283625,0.1425911839814378,0
TPH0474,0.19127184176042716,0.05899296699097836,0
TQS0212,0.13767160220600844,0.343658563898878,0
TRK0914,0.19759587192363942,0.1564291609655745,0
TSB0437,0.19746639583277015,0.07697033035141104,0
TSG0906,0.19033538885757467,0.16816512902033248,0
TSM0363,-0.014472725077488091,0.18559728903918746,1
TSM0927,0.17182479639973552,0.11504685216022909,0
TSR0676,0.2004573925269169,0.037862933478625745,0
TTD1000,0.21945618131709305,0.020779202833425995,0
TUC0632,0.1644504522639163,0.33328511128615895,0
TVS0006,0.12841941883357005,0.16034200209013877,0
TVS0050,0.09695304639369984,0.3061793959627576,0
TYB0779,0.18102007119725644,0.1814665024789839,0
UAD0771,0.15842159625787733,0.1071489907529644,0
UBF0645,0.21836209363212072,0.052230482343035706,0
UCH0519,0.18663187531337122,0.0705843100299953,0
UCS0227,0.19520645685969623,0.2632499554976046,0
UFK0208,0.16800795477082398,0.2401617954460386,0
UIR0043,-0.03306076969792926,0.3234546724893718,1
UJC0737,0.1290458670645278,0.04720873774619039,0
USH0199,0.18663071058373326,0.05149436057248342,0
VAA0087,0.1314127826969974,0.19407460390902342,0
VCC0396,0.11273591027810237,0.3550575673856787,0
VCY0751,0.19964496587398584,0.09782136170590704,0
VEB0935,0.20792259638664218,0.02377950833587418,0
VFM0814,0.14897709132496167,0.05998152140798391,0
VIA0063,0.17782287090925236,0.13306654662373837,0
VLB0647,0.158150399940801,0.15379073129669454,0
VMJ0147,0.18909189288145423,0.08586503930609787,0
VMJ0546,0.1796566791889197,0.12398452596561667,0
VSA0230,0.13839576516941515,0.43947029241497365,0
VSS0154,0.14502619984542625,0.06637481709906108,0
VTT0385,0.12714083340554844,0.08208142590532838,0
WAB0143,0.2112207965048145,0.03237097405815339,0
WAS0254,0.1892869896507845,0.07014132363508359,0
WBC0192,0.1838222878337304,0.11407042513230424,0
WBC0315,0.1938707101977991,0.0730143930434868,0
WDD0366,-0.010077192597717888,0.21193798492352034,1
WDO0870,0.09634750902415967,0.4574551991220261,0
WDV0573,0.14617857301751452,0.054554252884479376,0
WGR0833,0.1550581179813193,0.305220583946374,0
WGS0516,0.16748485812993186,0.09075125867840915,0
WIF0691,0.18591032364860843,0.030198086153933965,0
WIQ0567,0.010522938244738378,0.48554721128092504,0
WJD0576,0.1986447753478004,0.18022124230869363,0
WKD0013,0.17862046232213924,0.07470542936970623,0
WKF0012,0.18312884223046583,0.03225119095407079,0
WLV0566,0.13254950191214415,0.2849270526061755,0
WNB0908,0.18445446225239298,0.10776304472849146,0
WPE0538,0.1830849876466285,0.0318107392610908,0
WPR0368,-0.0870683255915089,0.06964111621810737,1
WRM0963,0.1106800490376062,0.05850262835598971,0
WSR0241,0.15590347830388307,0.10180056884708076,0
WTF0387,0.20075817289188475,0.12137356846707922,0
WTR0563,0.1525275737824196,0.03683736090145213,0
WVB0539,0.18319076992313243,0.2610386872709227,0
WXH0872,0.13703787833169084,0.21487021411327936,0
XAA0104,0.13531405496254295,0.16010599805480497,0
XBN0229,0.19933445959003432,0.11912468613931047,0
XHG0902,0.11882401720055713,0.19163948165977118,0
XHW0498,0.1550046740842424,0.19768142736364844,0
XLB0710,0.17591825408874884,0.06453201876050989,0
XRS0633,0.190118337936858,0.02855749648600447,0
XWD0923,0.17036723567172057,0.2689878533398898,0
YCE0983,0.19793218214915825,0.2554811240505938,0
YDN0198,0.12325390723111401,0.19664023765176927,0
YEV0793,0.1775824969038191,0.16840003471418852,0
YIC0195,0.004800860719511246,0.5306480483037488,0
YJF0532,0.1354757182864853,0.0993262606486678,0
YJV0699,0.1815775153121975,0.11825873234959655,0
YWW0660,0.17466083074293137,0.014507430835459738,0
ZCF0590,0.1992364032403322,0.050806630379430895,0
ZDW0859,0.19831729735579906,0.0949215157484702,0
ZFM0468,0.1914163565774123,0.15801194576048092,0
ZJE0857,0.15848589763358262,0.10865164899556637,0
ZJS0269,0.20656961621933112,0.05129103765293352,0
ZKS0899,0.1654506063345782,0.4782064515327305,0
ZMC0284,0.2043231955569073,0.09463892335606681,0
ZSB0649,0.19269436252037003,0.09883009269626704,0
ZSK0258,0.21636103927157113,0.03856480832231,0
ZSL0305,0.18548576753519735,0.07627741314615184,0
